Copyright 1986-2022 Xilinx, Inc. All Rights Reserved. Copyright 2022-2026 Advanced Micro Devices, Inc. All Rights Reserved.
------------------------------------------------------------------------------------------------------------------------------------------------------------------------------------------------------------------------------------------------
| Tool Version : Vivado v.2026.1 (win64) Build 6511674 Tue Jun 16 11:02:23 MDT 2026
| Date         : Mon Sep 21 13:38:36 2026
| Host         : SangHyeok running 64-bit major release  (build 9200)
| Command      : report_timing_summary -max_paths 10 -routable_nets -report_unconstrained -file lab2_counter_timing_summary_routed.rpt -pb lab2_counter_timing_summary_routed.pb -rpx lab2_counter_timing_summary_routed.rpx -warn_on_violation
| Design       : lab2_counter
| Device       : 7s75-fgga484
| Speed File   : -1  PRODUCTION 1.23 2018-06-13
| Design State : Routed
------------------------------------------------------------------------------------------------------------------------------------------------------------------------------------------------------------------------------------------------

Timing Summary Report

------------------------------------------------------------------------------------------------
| Timer Settings
| --------------
------------------------------------------------------------------------------------------------

  Enable Multi Corner Analysis               :  Yes
  Enable Pessimism Removal                   :  Yes
  Pessimism Removal Resolution               :  Nearest Common Node
  Enable Input Delay Default Clock           :  No
  Enable Preset / Clear Arcs                 :  No
  Disable Flight Delays                      :  No
  Ignore I/O Paths                           :  No
  Timing Early Launch at Borrowing Latches   :  No
  Borrow Time for Max Delay Exceptions       :  Yes
  Merge Timing Exceptions                    :  Yes
  Inter-SLR Compensation                     :  Conservative

  Corner  Analyze    Analyze    
  Name    Max Paths  Min Paths  
  ------  ---------  ---------  
  Slow    Yes        Yes        
  Fast    Yes        Yes        


------------------------------------------------------------------------------------------------
| Report Methodology
| ------------------
------------------------------------------------------------------------------------------------

Rule       Severity  Description                    Violations  
---------  --------  -----------------------------  ----------  
TIMING-18  Warning   Missing input or output delay  8           

Note: This report is based on the most recent report_methodology run and may not be up-to-date. Run report_methodology on the current design for the latest report.



check_timing report

Table of Contents
-----------------
1. checking no_clock (0)
2. checking constant_clock (0)
3. checking pulse_width_clock (0)
4. checking unconstrained_internal_endpoints (0)
5. checking no_input_delay (3)
6. checking no_output_delay (4)
7. checking multiple_clock (0)
8. checking generated_clocks (0)
9. checking loops (0)
10. checking partial_input_delay (0)
11. checking partial_output_delay (0)
12. checking latch_loops (0)

1. checking no_clock (0)
------------------------
 There are 0 register/latch pins with no clock.


2. checking constant_clock (0)
------------------------------
 There are 0 register/latch pins with constant_clock.


3. checking pulse_width_clock (0)
---------------------------------
 There are 0 register/latch pins which need pulse_width check


4. checking unconstrained_internal_endpoints (0)
------------------------------------------------
 There are 0 pins that are not constrained for maximum delay.

 There are 0 pins that are not constrained for maximum delay due to constant clock.


5. checking no_input_delay (3)
------------------------------
 There are 0 input ports with no input delay specified.

 There are 3 input ports with no input delay but user has a false path constraint. (MEDIUM)


6. checking no_output_delay (4)
-------------------------------
 There are 4 ports with no output delay specified. (HIGH)

 There are 0 ports with no output delay but user has a false path constraint

 There are 0 ports with no output delay but with a timing clock defined on it or propagating through it


7. checking multiple_clock (0)
------------------------------
 There are 0 register/latch pins with multiple clocks.


8. checking generated_clocks (0)
--------------------------------
 There are 0 generated clocks that are not connected to a clock source.


9. checking loops (0)
---------------------
 There are 0 combinational loops in the design.


10. checking partial_input_delay (0)
------------------------------------
 There are 0 input ports with partial input delay specified.


11. checking partial_output_delay (0)
-------------------------------------
 There are 0 ports with partial output delay specified.


12. checking latch_loops (0)
----------------------------
 There are 0 combinational latch loops in the design through latch input



------------------------------------------------------------------------------------------------
| Design Timing Summary
| ---------------------
------------------------------------------------------------------------------------------------

    WNS(ns)      TNS(ns)  TNS Failing Endpoints  TNS Total Endpoints      WHS(ns)      THS(ns)  THS Failing Endpoints  THS Total Endpoints     WPWS(ns)     TPWS(ns)  TPWS Failing Endpoints  TPWS Total Endpoints  
    -------      -------  ---------------------  -------------------      -------      -------  ---------------------  -------------------     --------     --------  ----------------------  --------------------  
 999997.000        0.000                      0                   33        0.122        0.000                      0                   33   499999.375        0.000                       0                    18  


All user specified timing constraints are met.


------------------------------------------------------------------------------------------------
| Clock Summary
| -------------
------------------------------------------------------------------------------------------------

Clock         Waveform(ns)               Period(ns)      Frequency(MHz)
-----         ------------               ----------      --------------
trainer_1khz  {0.000 500000.031}         1000000.000     0.001           


------------------------------------------------------------------------------------------------
| Intra Clock Table
| -----------------
------------------------------------------------------------------------------------------------

Clock             WNS(ns)      TNS(ns)  TNS Failing Endpoints  TNS Total Endpoints      WHS(ns)      THS(ns)  THS Failing Endpoints  THS Total Endpoints     WPWS(ns)     TPWS(ns)  TPWS Failing Endpoints  TPWS Total Endpoints  
-----             -------      -------  ---------------------  -------------------      -------      -------  ---------------------  -------------------     --------     --------  ----------------------  --------------------  
trainer_1khz   999997.000        0.000                      0                   22        0.122        0.000                      0                   22   499999.375        0.000                       0                    18  


------------------------------------------------------------------------------------------------
| Inter Clock Table
| -----------------
------------------------------------------------------------------------------------------------

From Clock    To Clock          WNS(ns)      TNS(ns)  TNS Failing Endpoints  TNS Total Endpoints      WHS(ns)      THS(ns)  THS Failing Endpoints  THS Total Endpoints  
----------    --------          -------      -------  ---------------------  -------------------      -------      -------  ---------------------  -------------------  


------------------------------------------------------------------------------------------------
| Other Path Groups Table
| -----------------------
------------------------------------------------------------------------------------------------

Path Group         From Clock         To Clock               WNS(ns)      TNS(ns)  TNS Failing Endpoints  TNS Total Endpoints      WHS(ns)      THS(ns)  THS Failing Endpoints  THS Total Endpoints  
----------         ----------         --------               -------      -------  ---------------------  -------------------      -------      -------  ---------------------  -------------------  
**async_default**  trainer_1khz       trainer_1khz        999998.438        0.000                      0                   11        0.439        0.000                      0                   11  


------------------------------------------------------------------------------------------------
| User Ignored Path Table
| -----------------------
------------------------------------------------------------------------------------------------

Path Group    From Clock    To Clock    
----------    ----------    --------    
(none)                      trainer_1khz  


------------------------------------------------------------------------------------------------
| Unconstrained Path Table
| ------------------------
------------------------------------------------------------------------------------------------

Path Group    From Clock    To Clock    
----------    ----------    --------    
(none)        trainer_1khz                


------------------------------------------------------------------------------------------------
| Timing Details
| --------------
------------------------------------------------------------------------------------------------


---------------------------------------------------------------------------------------------------
From Clock:  trainer_1khz
  To Clock:  trainer_1khz

Setup :            0  Failing Endpoints,  Worst Slack   999997.000ns,  Total Violation        0.000ns
Hold  :            0  Failing Endpoints,  Worst Slack        0.122ns,  Total Violation        0.000ns
PW    :            0  Failing Endpoints,  Worst Slack   499999.375ns,  Total Violation        0.000ns
---------------------------------------------------------------------------------------------------


Max Delay Paths
--------------------------------------------------------------------------------------
Slack (MET) :             999997.000ns  (required time - arrival time)
  Source:                 inputs/button_sync_reg/C
                            (rising edge-triggered cell FDCE clocked by trainer_1khz  {rise@0.000ns fall@500000.031ns period=1000000.000ns})
  Destination:            inputs/count_reg[0]/D
                            (rising edge-triggered cell FDCE clocked by trainer_1khz  {rise@0.000ns fall@500000.031ns period=1000000.000ns})
  Path Group:             trainer_1khz
  Path Type:              Setup (Max at Slow Process Corner)
  Requirement:            1000000.062ns  (trainer_1khz rise@1000000.062ns - trainer_1khz rise@0.000ns)
  Data Path Delay:        2.909ns  (logic 0.898ns (30.868%)  route 2.011ns (69.132%))
  Logic Levels:           2  (LUT2=2)
  Clock Path Skew:        -0.023ns (DCD - SCD + CPR)
    Destination Clock Delay (DCD):    5.285ns = ( 1000005.375 - 1000000.062 ) 
    Source Clock Delay      (SCD):    5.598ns
    Clock Pessimism Removal (CPR):    0.290ns
  Clock Uncertainty:      0.035ns  ((TSJ^2 + TIJ^2)^1/2 + DJ) / 2 + PE
    Total System Jitter     (TSJ):    0.071ns
    Total Input Jitter      (TIJ):    0.000ns
    Discrete Jitter          (DJ):    0.000ns
    Phase Error              (PE):    0.000ns

    Location             Delay type                Incr(ns)  Path(ns)    Netlist Resource(s)
  -------------------------------------------------------------------    -------------------
                         (clock trainer_1khz rise edge)
                                                      0.000     0.000 r  <hidden>
    B6                                                0.000     0.000 r  clk
                         net (fo=0)                   0.000     0.000    clk
    B6                   IBUF (Prop_ibuf_I_O)         1.500     1.500 r  clk_IBUF_inst/O
                         net (fo=1, routed)           2.315     3.815    clk_IBUF
    BUFGCTRL_X0Y16       BUFG (Prop_bufg_I_O)         0.096     3.911 r  clk_IBUF_BUFG_inst/O
                         net (fo=17, routed)          1.687     5.598    inputs/CLK
    SLICE_X84Y120        FDCE                                         r  inputs/button_sync_reg/C
  -------------------------------------------------------------------    -------------------
    SLICE_X84Y120        FDCE (Prop_fdce_C_Q)         0.478     6.076 r  inputs/button_sync_reg/Q
                         net (fo=3, routed)           0.839     6.916    inputs/button_sync
    SLICE_X84Y119        LUT2 (Prop_lut2_I1_O)        0.296     7.212 f  inputs/count[4]_i_2/O
                         net (fo=5, routed)           1.172     8.383    inputs/count1
    SLICE_X83Y120        LUT2 (Prop_lut2_I1_O)        0.124     8.507 r  inputs/count[0]_i_1/O
                         net (fo=1, routed)           0.000     8.507    inputs/p_0_in[0]
    SLICE_X83Y120        FDCE                                         r  inputs/count_reg[0]/D
  -------------------------------------------------------------------    -------------------

                         (clock trainer_1khz rise edge)
                                                  1000000.062 1000000.062 r  <hidden>
    B6                                                0.000 1000000.062 r  clk
                         net (fo=0)                   0.000 1000000.062    clk
    B6                   IBUF (Prop_ibuf_I_O)         1.429 1000001.500 r  clk_IBUF_inst/O
                         net (fo=1, routed)           2.196 1000003.688    clk_IBUF
    BUFGCTRL_X0Y16       BUFG (Prop_bufg_I_O)         0.091 1000003.750 r  clk_IBUF_BUFG_inst/O
                         net (fo=17, routed)          1.569 1000005.312    inputs/CLK
    SLICE_X83Y120        FDCE                                         r  inputs/count_reg[0]/C
                         clock pessimism              0.290 1000005.625    <hidden>
                         clock uncertainty           -0.035 1000005.562    <hidden>
    SLICE_X83Y120        FDCE (Setup_fdce_C_D)        0.031 1000005.562    inputs/count_reg[0]
  -------------------------------------------------------------------
                         required time                      1000005.500    <hidden>
                         arrival time                          -8.507    <hidden>
  -------------------------------------------------------------------
                         slack                              999997.000    <hidden>

Slack (MET) :             999997.500ns  (required time - arrival time)
  Source:                 inputs/button_sync_reg/C
                            (rising edge-triggered cell FDCE clocked by trainer_1khz  {rise@0.000ns fall@500000.031ns period=1000000.000ns})
  Destination:            inputs/count_reg[4]/D
                            (rising edge-triggered cell FDCE clocked by trainer_1khz  {rise@0.000ns fall@500000.031ns period=1000000.000ns})
  Path Group:             trainer_1khz
  Path Type:              Setup (Max at Slow Process Corner)
  Requirement:            1000000.062ns  (trainer_1khz rise@1000000.062ns - trainer_1khz rise@0.000ns)
  Data Path Delay:        2.408ns  (logic 0.898ns (37.290%)  route 1.510ns (62.710%))
  Logic Levels:           2  (LUT2=1 LUT6=1)
  Clock Path Skew:        -0.023ns (DCD - SCD + CPR)
    Destination Clock Delay (DCD):    5.285ns = ( 1000005.375 - 1000000.062 ) 
    Source Clock Delay      (SCD):    5.598ns
    Clock Pessimism Removal (CPR):    0.290ns
  Clock Uncertainty:      0.035ns  ((TSJ^2 + TIJ^2)^1/2 + DJ) / 2 + PE
    Total System Jitter     (TSJ):    0.071ns
    Total Input Jitter      (TIJ):    0.000ns
    Discrete Jitter          (DJ):    0.000ns
    Phase Error              (PE):    0.000ns

    Location             Delay type                Incr(ns)  Path(ns)    Netlist Resource(s)
  -------------------------------------------------------------------    -------------------
                         (clock trainer_1khz rise edge)
                                                      0.000     0.000 r  <hidden>
    B6                                                0.000     0.000 r  clk
                         net (fo=0)                   0.000     0.000    clk
    B6                   IBUF (Prop_ibuf_I_O)         1.500     1.500 r  clk_IBUF_inst/O
                         net (fo=1, routed)           2.315     3.815    clk_IBUF
    BUFGCTRL_X0Y16       BUFG (Prop_bufg_I_O)         0.096     3.911 r  clk_IBUF_BUFG_inst/O
                         net (fo=17, routed)          1.687     5.598    inputs/CLK
    SLICE_X84Y120        FDCE                                         r  inputs/button_sync_reg/C
  -------------------------------------------------------------------    -------------------
    SLICE_X84Y120        FDCE (Prop_fdce_C_Q)         0.478     6.076 r  inputs/button_sync_reg/Q
                         net (fo=3, routed)           0.839     6.916    inputs/button_sync
    SLICE_X84Y119        LUT2 (Prop_lut2_I1_O)        0.296     7.212 f  inputs/count[4]_i_2/O
                         net (fo=5, routed)           0.671     7.882    inputs/count1
    SLICE_X83Y120        LUT6 (Prop_lut6_I5_O)        0.124     8.006 r  inputs/count[4]_i_1/O
                         net (fo=1, routed)           0.000     8.006    inputs/p_0_in[4]
    SLICE_X83Y120        FDCE                                         r  inputs/count_reg[4]/D
  -------------------------------------------------------------------    -------------------

                         (clock trainer_1khz rise edge)
                                                  1000000.062 1000000.062 r  <hidden>
    B6                                                0.000 1000000.062 r  clk
                         net (fo=0)                   0.000 1000000.062    clk
    B6                   IBUF (Prop_ibuf_I_O)         1.429 1000001.500 r  clk_IBUF_inst/O
                         net (fo=1, routed)           2.196 1000003.688    clk_IBUF
    BUFGCTRL_X0Y16       BUFG (Prop_bufg_I_O)         0.091 1000003.750 r  clk_IBUF_BUFG_inst/O
                         net (fo=17, routed)          1.569 1000005.312    inputs/CLK
    SLICE_X83Y120        FDCE                                         r  inputs/count_reg[4]/C
                         clock pessimism              0.290 1000005.625    <hidden>
                         clock uncertainty           -0.035 1000005.562    <hidden>
    SLICE_X83Y120        FDCE (Setup_fdce_C_D)        0.032 1000005.625    inputs/count_reg[4]
  -------------------------------------------------------------------
                         required time                      1000005.500    <hidden>
                         arrival time                          -8.006    <hidden>
  -------------------------------------------------------------------
                         slack                              999997.500    <hidden>

Slack (MET) :             999997.625ns  (required time - arrival time)
  Source:                 inputs/button_sync_reg/C
                            (rising edge-triggered cell FDCE clocked by trainer_1khz  {rise@0.000ns fall@500000.031ns period=1000000.000ns})
  Destination:            inputs/count_reg[2]/D
                            (rising edge-triggered cell FDCE clocked by trainer_1khz  {rise@0.000ns fall@500000.031ns period=1000000.000ns})
  Path Group:             trainer_1khz
  Path Type:              Setup (Max at Slow Process Corner)
  Requirement:            1000000.062ns  (trainer_1khz rise@1000000.062ns - trainer_1khz rise@0.000ns)
  Data Path Delay:        2.377ns  (logic 0.898ns (37.778%)  route 1.479ns (62.222%))
  Logic Levels:           2  (LUT2=1 LUT6=1)
  Clock Path Skew:        -0.022ns (DCD - SCD + CPR)
    Destination Clock Delay (DCD):    5.285ns = ( 1000005.375 - 1000000.062 ) 
    Source Clock Delay      (SCD):    5.598ns
    Clock Pessimism Removal (CPR):    0.291ns
  Clock Uncertainty:      0.035ns  ((TSJ^2 + TIJ^2)^1/2 + DJ) / 2 + PE
    Total System Jitter     (TSJ):    0.071ns
    Total Input Jitter      (TIJ):    0.000ns
    Discrete Jitter          (DJ):    0.000ns
    Phase Error              (PE):    0.000ns

    Location             Delay type                Incr(ns)  Path(ns)    Netlist Resource(s)
  -------------------------------------------------------------------    -------------------
                         (clock trainer_1khz rise edge)
                                                      0.000     0.000 r  <hidden>
    B6                                                0.000     0.000 r  clk
                         net (fo=0)                   0.000     0.000    clk
    B6                   IBUF (Prop_ibuf_I_O)         1.500     1.500 r  clk_IBUF_inst/O
                         net (fo=1, routed)           2.315     3.815    clk_IBUF
    BUFGCTRL_X0Y16       BUFG (Prop_bufg_I_O)         0.096     3.911 r  clk_IBUF_BUFG_inst/O
                         net (fo=17, routed)          1.687     5.598    inputs/CLK
    SLICE_X84Y120        FDCE                                         r  inputs/button_sync_reg/C
  -------------------------------------------------------------------    -------------------
    SLICE_X84Y120        FDCE (Prop_fdce_C_Q)         0.478     6.076 r  inputs/button_sync_reg/Q
                         net (fo=3, routed)           0.839     6.916    inputs/button_sync
    SLICE_X84Y119        LUT2 (Prop_lut2_I1_O)        0.296     7.212 f  inputs/count[4]_i_2/O
                         net (fo=5, routed)           0.640     7.851    inputs/count1
    SLICE_X85Y120        LUT6 (Prop_lut6_I5_O)        0.124     7.975 r  inputs/count[2]_i_1/O
                         net (fo=1, routed)           0.000     7.975    inputs/p_0_in[2]
    SLICE_X85Y120        FDCE                                         r  inputs/count_reg[2]/D
  -------------------------------------------------------------------    -------------------

                         (clock trainer_1khz rise edge)
                                                  1000000.062 1000000.062 r  <hidden>
    B6                                                0.000 1000000.062 r  clk
                         net (fo=0)                   0.000 1000000.062    clk
    B6                   IBUF (Prop_ibuf_I_O)         1.429 1000001.500 r  clk_IBUF_inst/O
                         net (fo=1, routed)           2.196 1000003.688    clk_IBUF
    BUFGCTRL_X0Y16       BUFG (Prop_bufg_I_O)         0.091 1000003.750 r  clk_IBUF_BUFG_inst/O
                         net (fo=17, routed)          1.569 1000005.312    inputs/CLK
    SLICE_X85Y120        FDCE                                         r  inputs/count_reg[2]/C
                         clock pessimism              0.291 1000005.625    <hidden>
                         clock uncertainty           -0.035 1000005.562    <hidden>
    SLICE_X85Y120        FDCE (Setup_fdce_C_D)        0.031 1000005.562    inputs/count_reg[2]
  -------------------------------------------------------------------
                         required time                      1000005.625    <hidden>
                         arrival time                          -7.975    <hidden>
  -------------------------------------------------------------------
                         slack                              999997.625    <hidden>

Slack (MET) :             999997.812ns  (required time - arrival time)
  Source:                 inputs/button_sync_reg/C
                            (rising edge-triggered cell FDCE clocked by trainer_1khz  {rise@0.000ns fall@500000.031ns period=1000000.000ns})
  Destination:            inputs/count_reg[1]/D
                            (rising edge-triggered cell FDCE clocked by trainer_1khz  {rise@0.000ns fall@500000.031ns period=1000000.000ns})
  Path Group:             trainer_1khz
  Path Type:              Setup (Max at Slow Process Corner)
  Requirement:            1000000.062ns  (trainer_1khz rise@1000000.062ns - trainer_1khz rise@0.000ns)
  Data Path Delay:        2.247ns  (logic 0.898ns (39.962%)  route 1.349ns (60.038%))
  Logic Levels:           2  (LUT2=1 LUT3=1)
  Clock Path Skew:        -0.023ns (DCD - SCD + CPR)
    Destination Clock Delay (DCD):    5.285ns = ( 1000005.375 - 1000000.062 ) 
    Source Clock Delay      (SCD):    5.598ns
    Clock Pessimism Removal (CPR):    0.290ns
  Clock Uncertainty:      0.035ns  ((TSJ^2 + TIJ^2)^1/2 + DJ) / 2 + PE
    Total System Jitter     (TSJ):    0.071ns
    Total Input Jitter      (TIJ):    0.000ns
    Discrete Jitter          (DJ):    0.000ns
    Phase Error              (PE):    0.000ns

    Location             Delay type                Incr(ns)  Path(ns)    Netlist Resource(s)
  -------------------------------------------------------------------    -------------------
                         (clock trainer_1khz rise edge)
                                                      0.000     0.000 r  <hidden>
    B6                                                0.000     0.000 r  clk
                         net (fo=0)                   0.000     0.000    clk
    B6                   IBUF (Prop_ibuf_I_O)         1.500     1.500 r  clk_IBUF_inst/O
                         net (fo=1, routed)           2.315     3.815    clk_IBUF
    BUFGCTRL_X0Y16       BUFG (Prop_bufg_I_O)         0.096     3.911 r  clk_IBUF_BUFG_inst/O
                         net (fo=17, routed)          1.687     5.598    inputs/CLK
    SLICE_X84Y120        FDCE                                         r  inputs/button_sync_reg/C
  -------------------------------------------------------------------    -------------------
    SLICE_X84Y120        FDCE (Prop_fdce_C_Q)         0.478     6.076 r  inputs/button_sync_reg/Q
                         net (fo=3, routed)           0.839     6.916    inputs/button_sync
    SLICE_X84Y119        LUT2 (Prop_lut2_I1_O)        0.296     7.212 f  inputs/count[4]_i_2/O
                         net (fo=5, routed)           0.510     7.721    inputs/count1
    SLICE_X84Y119        LUT3 (Prop_lut3_I2_O)        0.124     7.845 r  inputs/count[1]_i_1/O
                         net (fo=1, routed)           0.000     7.845    inputs/p_0_in[1]
    SLICE_X84Y119        FDCE                                         r  inputs/count_reg[1]/D
  -------------------------------------------------------------------    -------------------

                         (clock trainer_1khz rise edge)
                                                  1000000.062 1000000.062 r  <hidden>
    B6                                                0.000 1000000.062 r  clk
                         net (fo=0)                   0.000 1000000.062    clk
    B6                   IBUF (Prop_ibuf_I_O)         1.429 1000001.500 r  clk_IBUF_inst/O
                         net (fo=1, routed)           2.196 1000003.688    clk_IBUF
    BUFGCTRL_X0Y16       BUFG (Prop_bufg_I_O)         0.091 1000003.750 r  clk_IBUF_BUFG_inst/O
                         net (fo=17, routed)          1.569 1000005.312    inputs/CLK
    SLICE_X84Y119        FDCE                                         r  inputs/count_reg[1]/C
                         clock pessimism              0.290 1000005.625    <hidden>
                         clock uncertainty           -0.035 1000005.562    <hidden>
    SLICE_X84Y119        FDCE (Setup_fdce_C_D)        0.081 1000005.625    inputs/count_reg[1]
  -------------------------------------------------------------------
                         required time                      1000005.625    <hidden>
                         arrival time                          -7.845    <hidden>
  -------------------------------------------------------------------
                         slack                              999997.812    <hidden>

Slack (MET) :             999997.812ns  (required time - arrival time)
  Source:                 inputs/button_sync_reg/C
                            (rising edge-triggered cell FDCE clocked by trainer_1khz  {rise@0.000ns fall@500000.031ns period=1000000.000ns})
  Destination:            inputs/count_reg[3]/D
                            (rising edge-triggered cell FDCE clocked by trainer_1khz  {rise@0.000ns fall@500000.031ns period=1000000.000ns})
  Path Group:             trainer_1khz
  Path Type:              Setup (Max at Slow Process Corner)
  Requirement:            1000000.062ns  (trainer_1khz rise@1000000.062ns - trainer_1khz rise@0.000ns)
  Data Path Delay:        2.240ns  (logic 0.891ns (39.774%)  route 1.349ns (60.226%))
  Logic Levels:           2  (LUT2=1 LUT5=1)
  Clock Path Skew:        -0.023ns (DCD - SCD + CPR)
    Destination Clock Delay (DCD):    5.285ns = ( 1000005.375 - 1000000.062 ) 
    Source Clock Delay      (SCD):    5.598ns
    Clock Pessimism Removal (CPR):    0.290ns
  Clock Uncertainty:      0.035ns  ((TSJ^2 + TIJ^2)^1/2 + DJ) / 2 + PE
    Total System Jitter     (TSJ):    0.071ns
    Total Input Jitter      (TIJ):    0.000ns
    Discrete Jitter          (DJ):    0.000ns
    Phase Error              (PE):    0.000ns

    Location             Delay type                Incr(ns)  Path(ns)    Netlist Resource(s)
  -------------------------------------------------------------------    -------------------
                         (clock trainer_1khz rise edge)
                                                      0.000     0.000 r  <hidden>
    B6                                                0.000     0.000 r  clk
                         net (fo=0)                   0.000     0.000    clk
    B6                   IBUF (Prop_ibuf_I_O)         1.500     1.500 r  clk_IBUF_inst/O
                         net (fo=1, routed)           2.315     3.815    clk_IBUF
    BUFGCTRL_X0Y16       BUFG (Prop_bufg_I_O)         0.096     3.911 r  clk_IBUF_BUFG_inst/O
                         net (fo=17, routed)          1.687     5.598    inputs/CLK
    SLICE_X84Y120        FDCE                                         r  inputs/button_sync_reg/C
  -------------------------------------------------------------------    -------------------
    SLICE_X84Y120        FDCE (Prop_fdce_C_Q)         0.478     6.076 r  inputs/button_sync_reg/Q
                         net (fo=3, routed)           0.839     6.916    inputs/button_sync
    SLICE_X84Y119        LUT2 (Prop_lut2_I1_O)        0.296     7.212 f  inputs/count[4]_i_2/O
                         net (fo=5, routed)           0.510     7.721    inputs/count1
    SLICE_X84Y119        LUT5 (Prop_lut5_I4_O)        0.117     7.838 r  inputs/count[3]_i_1/O
                         net (fo=1, routed)           0.000     7.838    inputs/p_0_in[3]
    SLICE_X84Y119        FDCE                                         r  inputs/count_reg[3]/D
  -------------------------------------------------------------------    -------------------

                         (clock trainer_1khz rise edge)
                                                  1000000.062 1000000.062 r  <hidden>
    B6                                                0.000 1000000.062 r  clk
                         net (fo=0)                   0.000 1000000.062    clk
    B6                   IBUF (Prop_ibuf_I_O)         1.429 1000001.500 r  clk_IBUF_inst/O
                         net (fo=1, routed)           2.196 1000003.688    clk_IBUF
    BUFGCTRL_X0Y16       BUFG (Prop_bufg_I_O)         0.091 1000003.750 r  clk_IBUF_BUFG_inst/O
                         net (fo=17, routed)          1.569 1000005.312    inputs/CLK
    SLICE_X84Y119        FDCE                                         r  inputs/count_reg[3]/C
                         clock pessimism              0.290 1000005.625    <hidden>
                         clock uncertainty           -0.035 1000005.562    <hidden>
    SLICE_X84Y119        FDCE (Setup_fdce_C_D)        0.118 1000005.688    inputs/count_reg[3]
  -------------------------------------------------------------------
                         required time                      1000005.625    <hidden>
                         arrival time                          -7.838    <hidden>
  -------------------------------------------------------------------
                         slack                              999997.812    <hidden>

Slack (MET) :             999997.938ns  (required time - arrival time)
  Source:                 core/value_reg[0]/C
                            (rising edge-triggered cell FDRE clocked by trainer_1khz  {rise@0.000ns fall@500000.031ns period=1000000.000ns})
  Destination:            core/value_reg[0]/D
                            (rising edge-triggered cell FDRE clocked by trainer_1khz  {rise@0.000ns fall@500000.031ns period=1000000.000ns})
  Path Group:             trainer_1khz
  Path Type:              Setup (Max at Slow Process Corner)
  Requirement:            1000000.062ns  (trainer_1khz rise@1000000.062ns - trainer_1khz rise@0.000ns)
  Data Path Delay:        2.212ns  (logic 0.642ns (29.021%)  route 1.570ns (70.979%))
  Logic Levels:           1  (LUT1=1)
  Clock Path Skew:        0.000ns (DCD - SCD + CPR)
    Destination Clock Delay (DCD):    5.284ns = ( 1000005.375 - 1000000.062 ) 
    Source Clock Delay      (SCD):    5.597ns
    Clock Pessimism Removal (CPR):    0.313ns
  Clock Uncertainty:      0.035ns  ((TSJ^2 + TIJ^2)^1/2 + DJ) / 2 + PE
    Total System Jitter     (TSJ):    0.071ns
    Total Input Jitter      (TIJ):    0.000ns
    Discrete Jitter          (DJ):    0.000ns
    Phase Error              (PE):    0.000ns

    Location             Delay type                Incr(ns)  Path(ns)    Netlist Resource(s)
  -------------------------------------------------------------------    -------------------
                         (clock trainer_1khz rise edge)
                                                      0.000     0.000 r  <hidden>
    B6                                                0.000     0.000 r  clk
                         net (fo=0)                   0.000     0.000    clk
    B6                   IBUF (Prop_ibuf_I_O)         1.500     1.500 r  clk_IBUF_inst/O
                         net (fo=1, routed)           2.315     3.815    clk_IBUF
    BUFGCTRL_X0Y16       BUFG (Prop_bufg_I_O)         0.096     3.911 r  clk_IBUF_BUFG_inst/O
                         net (fo=17, routed)          1.686     5.597    core/CLK
    SLICE_X84Y121        FDRE                                         r  core/value_reg[0]/C
  -------------------------------------------------------------------    -------------------
    SLICE_X84Y121        FDRE (Prop_fdre_C_Q)         0.518     6.115 f  core/value_reg[0]/Q
                         net (fo=5, routed)           1.570     7.686    core/out[0]
    SLICE_X84Y121        LUT1 (Prop_lut1_I0_O)        0.124     7.810 r  core/value[0]_i_1/O
                         net (fo=1, routed)           0.000     7.810    core/value[0]_i_1_n_0
    SLICE_X84Y121        FDRE                                         r  core/value_reg[0]/D
  -------------------------------------------------------------------    -------------------

                         (clock trainer_1khz rise edge)
                                                  1000000.062 1000000.062 r  <hidden>
    B6                                                0.000 1000000.062 r  clk
                         net (fo=0)                   0.000 1000000.062    clk
    B6                   IBUF (Prop_ibuf_I_O)         1.429 1000001.500 r  clk_IBUF_inst/O
                         net (fo=1, routed)           2.196 1000003.688    clk_IBUF
    BUFGCTRL_X0Y16       BUFG (Prop_bufg_I_O)         0.091 1000003.750 r  clk_IBUF_BUFG_inst/O
                         net (fo=17, routed)          1.568 1000005.312    core/CLK
    SLICE_X84Y121        FDRE                                         r  core/value_reg[0]/C
                         clock pessimism              0.313 1000005.625    <hidden>
                         clock uncertainty           -0.035 1000005.562    <hidden>
    SLICE_X84Y121        FDRE (Setup_fdre_C_D)        0.077 1000005.625    core/value_reg[0]
  -------------------------------------------------------------------
                         required time                      1000005.750    <hidden>
                         arrival time                          -7.810    <hidden>
  -------------------------------------------------------------------
                         slack                              999997.938    <hidden>

Slack (MET) :             999997.938ns  (required time - arrival time)
  Source:                 core/value_reg[0]/C
                            (rising edge-triggered cell FDRE clocked by trainer_1khz  {rise@0.000ns fall@500000.031ns period=1000000.000ns})
  Destination:            core/value_reg[1]/D
                            (rising edge-triggered cell FDRE clocked by trainer_1khz  {rise@0.000ns fall@500000.031ns period=1000000.000ns})
  Path Group:             trainer_1khz
  Path Type:              Setup (Max at Slow Process Corner)
  Requirement:            1000000.062ns  (trainer_1khz rise@1000000.062ns - trainer_1khz rise@0.000ns)
  Data Path Delay:        2.238ns  (logic 0.668ns (29.846%)  route 1.570ns (70.154%))
  Logic Levels:           1  (LUT3=1)
  Clock Path Skew:        0.000ns (DCD - SCD + CPR)
    Destination Clock Delay (DCD):    5.284ns = ( 1000005.375 - 1000000.062 ) 
    Source Clock Delay      (SCD):    5.597ns
    Clock Pessimism Removal (CPR):    0.313ns
  Clock Uncertainty:      0.035ns  ((TSJ^2 + TIJ^2)^1/2 + DJ) / 2 + PE
    Total System Jitter     (TSJ):    0.071ns
    Total Input Jitter      (TIJ):    0.000ns
    Discrete Jitter          (DJ):    0.000ns
    Phase Error              (PE):    0.000ns

    Location             Delay type                Incr(ns)  Path(ns)    Netlist Resource(s)
  -------------------------------------------------------------------    -------------------
                         (clock trainer_1khz rise edge)
                                                      0.000     0.000 r  <hidden>
    B6                                                0.000     0.000 r  clk
                         net (fo=0)                   0.000     0.000    clk
    B6                   IBUF (Prop_ibuf_I_O)         1.500     1.500 r  clk_IBUF_inst/O
                         net (fo=1, routed)           2.315     3.815    clk_IBUF
    BUFGCTRL_X0Y16       BUFG (Prop_bufg_I_O)         0.096     3.911 r  clk_IBUF_BUFG_inst/O
                         net (fo=17, routed)          1.686     5.597    core/CLK
    SLICE_X84Y121        FDRE                                         r  core/value_reg[0]/C
  -------------------------------------------------------------------    -------------------
    SLICE_X84Y121        FDRE (Prop_fdre_C_Q)         0.518     6.115 r  core/value_reg[0]/Q
                         net (fo=5, routed)           1.570     7.686    core/out[0]
    SLICE_X84Y121        LUT3 (Prop_lut3_I0_O)        0.150     7.836 r  core/value[1]_i_1/O
                         net (fo=1, routed)           0.000     7.836    core/value[1]_i_1_n_0
    SLICE_X84Y121        FDRE                                         r  core/value_reg[1]/D
  -------------------------------------------------------------------    -------------------

                         (clock trainer_1khz rise edge)
                                                  1000000.062 1000000.062 r  <hidden>
    B6                                                0.000 1000000.062 r  clk
                         net (fo=0)                   0.000 1000000.062    clk
    B6                   IBUF (Prop_ibuf_I_O)         1.429 1000001.500 r  clk_IBUF_inst/O
                         net (fo=1, routed)           2.196 1000003.688    clk_IBUF
    BUFGCTRL_X0Y16       BUFG (Prop_bufg_I_O)         0.091 1000003.750 r  clk_IBUF_BUFG_inst/O
                         net (fo=17, routed)          1.568 1000005.312    core/CLK
    SLICE_X84Y121        FDRE                                         r  core/value_reg[1]/C
                         clock pessimism              0.313 1000005.625    <hidden>
                         clock uncertainty           -0.035 1000005.562    <hidden>
    SLICE_X84Y121        FDRE (Setup_fdre_C_D)        0.118 1000005.688    core/value_reg[1]
  -------------------------------------------------------------------
                         required time                      1000005.750    <hidden>
                         arrival time                          -7.836    <hidden>
  -------------------------------------------------------------------
                         slack                              999997.938    <hidden>

Slack (MET) :             999998.062ns  (required time - arrival time)
  Source:                 inputs/count_reg[1]/C
                            (rising edge-triggered cell FDCE clocked by trainer_1khz  {rise@0.000ns fall@500000.031ns period=1000000.000ns})
  Destination:            inputs/press_reg/D
                            (rising edge-triggered cell FDCE clocked by trainer_1khz  {rise@0.000ns fall@500000.031ns period=1000000.000ns})
  Path Group:             trainer_1khz
  Path Type:              Setup (Max at Slow Process Corner)
  Requirement:            1000000.062ns  (trainer_1khz rise@1000000.062ns - trainer_1khz rise@0.000ns)
  Data Path Delay:        1.892ns  (logic 0.766ns (40.494%)  route 1.126ns (59.506%))
  Logic Levels:           2  (LUT2=1 LUT6=1)
  Clock Path Skew:        -0.024ns (DCD - SCD + CPR)
    Destination Clock Delay (DCD):    5.285ns = ( 1000005.375 - 1000000.062 ) 
    Source Clock Delay      (SCD):    5.599ns
    Clock Pessimism Removal (CPR):    0.290ns
  Clock Uncertainty:      0.035ns  ((TSJ^2 + TIJ^2)^1/2 + DJ) / 2 + PE
    Total System Jitter     (TSJ):    0.071ns
    Total Input Jitter      (TIJ):    0.000ns
    Discrete Jitter          (DJ):    0.000ns
    Phase Error              (PE):    0.000ns

    Location             Delay type                Incr(ns)  Path(ns)    Netlist Resource(s)
  -------------------------------------------------------------------    -------------------
                         (clock trainer_1khz rise edge)
                                                      0.000     0.000 r  <hidden>
    B6                                                0.000     0.000 r  clk
                         net (fo=0)                   0.000     0.000    clk
    B6                   IBUF (Prop_ibuf_I_O)         1.500     1.500 r  clk_IBUF_inst/O
                         net (fo=1, routed)           2.315     3.815    clk_IBUF
    BUFGCTRL_X0Y16       BUFG (Prop_bufg_I_O)         0.096     3.911 r  clk_IBUF_BUFG_inst/O
                         net (fo=17, routed)          1.688     5.599    inputs/CLK
    SLICE_X84Y119        FDCE                                         r  inputs/count_reg[1]/C
  -------------------------------------------------------------------    -------------------
    SLICE_X84Y119        FDCE (Prop_fdce_C_Q)         0.518     6.117 r  inputs/count_reg[1]/Q
                         net (fo=6, routed)           0.971     7.089    inputs/count[1]
    SLICE_X83Y120        LUT2 (Prop_lut2_I1_O)        0.124     7.213 f  inputs/press_i_2/O
                         net (fo=1, routed)           0.154     7.367    inputs/press_i_2_n_0
    SLICE_X83Y120        LUT6 (Prop_lut6_I0_O)        0.124     7.491 r  inputs/press_i_1/O
                         net (fo=1, routed)           0.000     7.491    inputs/press_i_1_n_0
    SLICE_X83Y120        FDCE                                         r  inputs/press_reg/D
  -------------------------------------------------------------------    -------------------

                         (clock trainer_1khz rise edge)
                                                  1000000.062 1000000.062 r  <hidden>
    B6                                                0.000 1000000.062 r  clk
                         net (fo=0)                   0.000 1000000.062    clk
    B6                   IBUF (Prop_ibuf_I_O)         1.429 1000001.500 r  clk_IBUF_inst/O
                         net (fo=1, routed)           2.196 1000003.688    clk_IBUF
    BUFGCTRL_X0Y16       BUFG (Prop_bufg_I_O)         0.091 1000003.750 r  clk_IBUF_BUFG_inst/O
                         net (fo=17, routed)          1.569 1000005.312    inputs/CLK
    SLICE_X83Y120        FDCE                                         r  inputs/press_reg/C
                         clock pessimism              0.290 1000005.625    <hidden>
                         clock uncertainty           -0.035 1000005.562    <hidden>
    SLICE_X83Y120        FDCE (Setup_fdce_C_D)        0.029 1000005.562    inputs/press_reg
  -------------------------------------------------------------------
                         required time                      1000005.500    <hidden>
                         arrival time                          -7.491    <hidden>
  -------------------------------------------------------------------
                         slack                              999998.062    <hidden>

Slack (MET) :             999998.312ns  (required time - arrival time)
  Source:                 inputs/reset_pipe_reg[1]/C
                            (rising edge-triggered cell FDPE clocked by trainer_1khz  {rise@0.000ns fall@500000.031ns period=1000000.000ns})
  Destination:            core/value_reg[0]/R
                            (rising edge-triggered cell FDRE clocked by trainer_1khz  {rise@0.000ns fall@500000.031ns period=1000000.000ns})
  Path Group:             trainer_1khz
  Path Type:              Setup (Max at Slow Process Corner)
  Requirement:            1000000.062ns  (trainer_1khz rise@1000000.062ns - trainer_1khz rise@0.000ns)
  Data Path Delay:        1.084ns  (logic 0.419ns (38.660%)  route 0.665ns (61.340%))
  Logic Levels:           0  
  Clock Path Skew:        -0.022ns (DCD - SCD + CPR)
    Destination Clock Delay (DCD):    5.284ns = ( 1000005.375 - 1000000.062 ) 
    Source Clock Delay      (SCD):    5.597ns
    Clock Pessimism Removal (CPR):    0.291ns
  Clock Uncertainty:      0.035ns  ((TSJ^2 + TIJ^2)^1/2 + DJ) / 2 + PE
    Total System Jitter     (TSJ):    0.071ns
    Total Input Jitter      (TIJ):    0.000ns
    Discrete Jitter          (DJ):    0.000ns
    Phase Error              (PE):    0.000ns

    Location             Delay type                Incr(ns)  Path(ns)    Netlist Resource(s)
  -------------------------------------------------------------------    -------------------
                         (clock trainer_1khz rise edge)
                                                      0.000     0.000 r  <hidden>
    B6                                                0.000     0.000 r  clk
                         net (fo=0)                   0.000     0.000    clk
    B6                   IBUF (Prop_ibuf_I_O)         1.500     1.500 r  clk_IBUF_inst/O
                         net (fo=1, routed)           2.315     3.815    clk_IBUF
    BUFGCTRL_X0Y16       BUFG (Prop_bufg_I_O)         0.096     3.911 r  clk_IBUF_BUFG_inst/O
                         net (fo=17, routed)          1.686     5.597    inputs/CLK
    SLICE_X85Y121        FDPE                                         r  inputs/reset_pipe_reg[1]/C
  -------------------------------------------------------------------    -------------------
    SLICE_X85Y121        FDPE (Prop_fdpe_C_Q)         0.419     6.016 r  inputs/reset_pipe_reg[1]/Q
                         net (fo=15, routed)          0.665     6.681    core/SR[0]
    SLICE_X84Y121        FDRE                                         r  core/value_reg[0]/R
  -------------------------------------------------------------------    -------------------

                         (clock trainer_1khz rise edge)
                                                  1000000.062 1000000.062 r  <hidden>
    B6                                                0.000 1000000.062 r  clk
                         net (fo=0)                   0.000 1000000.062    clk
    B6                   IBUF (Prop_ibuf_I_O)         1.429 1000001.500 r  clk_IBUF_inst/O
                         net (fo=1, routed)           2.196 1000003.688    clk_IBUF
    BUFGCTRL_X0Y16       BUFG (Prop_bufg_I_O)         0.091 1000003.750 r  clk_IBUF_BUFG_inst/O
                         net (fo=17, routed)          1.568 1000005.312    core/CLK
    SLICE_X84Y121        FDRE                                         r  core/value_reg[0]/C
                         clock pessimism              0.291 1000005.625    <hidden>
                         clock uncertainty           -0.035 1000005.562    <hidden>
    SLICE_X84Y121        FDRE (Setup_fdre_C_R)       -0.699 1000004.875    core/value_reg[0]
  -------------------------------------------------------------------
                         required time                      1000004.938    <hidden>
                         arrival time                          -6.681    <hidden>
  -------------------------------------------------------------------
                         slack                              999998.312    <hidden>

Slack (MET) :             999998.312ns  (required time - arrival time)
  Source:                 inputs/reset_pipe_reg[1]/C
                            (rising edge-triggered cell FDPE clocked by trainer_1khz  {rise@0.000ns fall@500000.031ns period=1000000.000ns})
  Destination:            core/value_reg[1]/R
                            (rising edge-triggered cell FDRE clocked by trainer_1khz  {rise@0.000ns fall@500000.031ns period=1000000.000ns})
  Path Group:             trainer_1khz
  Path Type:              Setup (Max at Slow Process Corner)
  Requirement:            1000000.062ns  (trainer_1khz rise@1000000.062ns - trainer_1khz rise@0.000ns)
  Data Path Delay:        1.084ns  (logic 0.419ns (38.660%)  route 0.665ns (61.340%))
  Logic Levels:           0  
  Clock Path Skew:        -0.022ns (DCD - SCD + CPR)
    Destination Clock Delay (DCD):    5.284ns = ( 1000005.375 - 1000000.062 ) 
    Source Clock Delay      (SCD):    5.597ns
    Clock Pessimism Removal (CPR):    0.291ns
  Clock Uncertainty:      0.035ns  ((TSJ^2 + TIJ^2)^1/2 + DJ) / 2 + PE
    Total System Jitter     (TSJ):    0.071ns
    Total Input Jitter      (TIJ):    0.000ns
    Discrete Jitter          (DJ):    0.000ns
    Phase Error              (PE):    0.000ns

    Location             Delay type                Incr(ns)  Path(ns)    Netlist Resource(s)
  -------------------------------------------------------------------    -------------------
                         (clock trainer_1khz rise edge)
                                                      0.000     0.000 r  <hidden>
    B6                                                0.000     0.000 r  clk
                         net (fo=0)                   0.000     0.000    clk
    B6                   IBUF (Prop_ibuf_I_O)         1.500     1.500 r  clk_IBUF_inst/O
                         net (fo=1, routed)           2.315     3.815    clk_IBUF
    BUFGCTRL_X0Y16       BUFG (Prop_bufg_I_O)         0.096     3.911 r  clk_IBUF_BUFG_inst/O
                         net (fo=17, routed)          1.686     5.597    inputs/CLK
    SLICE_X85Y121        FDPE                                         r  inputs/reset_pipe_reg[1]/C
  -------------------------------------------------------------------    -------------------
    SLICE_X85Y121        FDPE (Prop_fdpe_C_Q)         0.419     6.016 r  inputs/reset_pipe_reg[1]/Q
                         net (fo=15, routed)          0.665     6.681    core/SR[0]
    SLICE_X84Y121        FDRE                                         r  core/value_reg[1]/R
  -------------------------------------------------------------------    -------------------

                         (clock trainer_1khz rise edge)
                                                  1000000.062 1000000.062 r  <hidden>
    B6                                                0.000 1000000.062 r  clk
                         net (fo=0)                   0.000 1000000.062    clk
    B6                   IBUF (Prop_ibuf_I_O)         1.429 1000001.500 r  clk_IBUF_inst/O
                         net (fo=1, routed)           2.196 1000003.688    clk_IBUF
    BUFGCTRL_X0Y16       BUFG (Prop_bufg_I_O)         0.091 1000003.750 r  clk_IBUF_BUFG_inst/O
                         net (fo=17, routed)          1.568 1000005.312    core/CLK
    SLICE_X84Y121        FDRE                                         r  core/value_reg[1]/C
                         clock pessimism              0.291 1000005.625    <hidden>
                         clock uncertainty           -0.035 1000005.562    <hidden>
    SLICE_X84Y121        FDRE (Setup_fdre_C_R)       -0.699 1000004.875    core/value_reg[1]
  -------------------------------------------------------------------
                         required time                      1000004.938    <hidden>
                         arrival time                          -6.681    <hidden>
  -------------------------------------------------------------------
                         slack                              999998.312    <hidden>





Min Delay Paths
--------------------------------------------------------------------------------------
Slack (MET) :             0.122ns  (arrival time - required time)
  Source:                 inputs/reset_pipe_reg[0]/C
                            (rising edge-triggered cell FDPE clocked by trainer_1khz  {rise@0.000ns fall@500000.031ns period=1000000.000ns})
  Destination:            inputs/reset_pipe_reg[1]/D
                            (rising edge-triggered cell FDPE clocked by trainer_1khz  {rise@0.000ns fall@500000.031ns period=1000000.000ns})
  Path Group:             trainer_1khz
  Path Type:              Hold (Min at Fast Process Corner)
  Requirement:            0.000ns  (trainer_1khz rise@0.000ns - trainer_1khz rise@0.000ns)
  Data Path Delay:        0.197ns  (logic 0.141ns (71.611%)  route 0.056ns (28.389%))
  Logic Levels:           0  
  Clock Path Skew:        0.000ns (DCD - SCD - CPR)
    Destination Clock Delay (DCD):    2.210ns
    Source Clock Delay      (SCD):    1.686ns
    Clock Pessimism Removal (CPR):    0.524ns

    Location             Delay type                Incr(ns)  Path(ns)    Netlist Resource(s)
  -------------------------------------------------------------------    -------------------
                         (clock trainer_1khz rise edge)
                                                      0.000     0.000 r  <hidden>
    B6                                                0.000     0.000 r  clk
                         net (fo=0)                   0.000     0.000    clk
    B6                   IBUF (Prop_ibuf_I_O)         0.268     0.268 r  clk_IBUF_inst/O
                         net (fo=1, routed)           0.808     1.075    clk_IBUF
    BUFGCTRL_X0Y16       BUFG (Prop_bufg_I_O)         0.026     1.101 r  clk_IBUF_BUFG_inst/O
                         net (fo=17, routed)          0.585     1.686    inputs/CLK
    SLICE_X85Y121        FDPE                                         r  inputs/reset_pipe_reg[0]/C
  -------------------------------------------------------------------    -------------------
    SLICE_X85Y121        FDPE (Prop_fdpe_C_Q)         0.141     1.827 r  inputs/reset_pipe_reg[0]/Q
                         net (fo=1, routed)           0.056     1.883    inputs/reset_pipe[0]
    SLICE_X85Y121        FDPE                                         r  inputs/reset_pipe_reg[1]/D
  -------------------------------------------------------------------    -------------------

                         (clock trainer_1khz rise edge)
                                                      0.000     0.000 r  <hidden>
    B6                                                0.000     0.000 r  clk
                         net (fo=0)                   0.000     0.000    clk
    B6                   IBUF (Prop_ibuf_I_O)         0.456     0.456 r  clk_IBUF_inst/O
                         net (fo=1, routed)           0.871     1.327    clk_IBUF
    BUFGCTRL_X0Y16       BUFG (Prop_bufg_I_O)         0.029     1.356 r  clk_IBUF_BUFG_inst/O
                         net (fo=17, routed)          0.855     2.210    inputs/CLK
    SLICE_X85Y121        FDPE                                         r  inputs/reset_pipe_reg[1]/C
                         clock pessimism             -0.524     1.686    <hidden>
    SLICE_X85Y121        FDPE (Hold_fdpe_C_D)         0.075     1.761    inputs/reset_pipe_reg[1]
  -------------------------------------------------------------------
                         required time                         -1.761    <hidden>
                         arrival time                           1.883    <hidden>
  -------------------------------------------------------------------
                         slack                                  0.122    <hidden>

Slack (MET) :             0.156ns  (arrival time - required time)
  Source:                 inputs/button_meta_reg/C
                            (rising edge-triggered cell FDCE clocked by trainer_1khz  {rise@0.000ns fall@500000.031ns period=1000000.000ns})
  Destination:            inputs/button_sync_reg/D
                            (rising edge-triggered cell FDCE clocked by trainer_1khz  {rise@0.000ns fall@500000.031ns period=1000000.000ns})
  Path Group:             trainer_1khz
  Path Type:              Hold (Min at Fast Process Corner)
  Requirement:            0.000ns  (trainer_1khz rise@0.000ns - trainer_1khz rise@0.000ns)
  Data Path Delay:        0.220ns  (logic 0.164ns (74.580%)  route 0.056ns (25.420%))
  Logic Levels:           0  
  Clock Path Skew:        0.000ns (DCD - SCD - CPR)
    Destination Clock Delay (DCD):    2.211ns
    Source Clock Delay      (SCD):    1.687ns
    Clock Pessimism Removal (CPR):    0.524ns

    Location             Delay type                Incr(ns)  Path(ns)    Netlist Resource(s)
  -------------------------------------------------------------------    -------------------
                         (clock trainer_1khz rise edge)
                                                      0.000     0.000 r  <hidden>
    B6                                                0.000     0.000 r  clk
                         net (fo=0)                   0.000     0.000    clk
    B6                   IBUF (Prop_ibuf_I_O)         0.268     0.268 r  clk_IBUF_inst/O
                         net (fo=1, routed)           0.808     1.075    clk_IBUF
    BUFGCTRL_X0Y16       BUFG (Prop_bufg_I_O)         0.026     1.101 r  clk_IBUF_BUFG_inst/O
                         net (fo=17, routed)          0.586     1.687    inputs/CLK
    SLICE_X84Y120        FDCE                                         r  inputs/button_meta_reg/C
  -------------------------------------------------------------------    -------------------
    SLICE_X84Y120        FDCE (Prop_fdce_C_Q)         0.164     1.851 r  inputs/button_meta_reg/Q
                         net (fo=1, routed)           0.056     1.907    inputs/button_meta
    SLICE_X84Y120        FDCE                                         r  inputs/button_sync_reg/D
  -------------------------------------------------------------------    -------------------

                         (clock trainer_1khz rise edge)
                                                      0.000     0.000 r  <hidden>
    B6                                                0.000     0.000 r  clk
                         net (fo=0)                   0.000     0.000    clk
    B6                   IBUF (Prop_ibuf_I_O)         0.456     0.456 r  clk_IBUF_inst/O
                         net (fo=1, routed)           0.871     1.327    clk_IBUF
    BUFGCTRL_X0Y16       BUFG (Prop_bufg_I_O)         0.029     1.356 r  clk_IBUF_BUFG_inst/O
                         net (fo=17, routed)          0.855     2.211    inputs/CLK
    SLICE_X84Y120        FDCE                                         r  inputs/button_sync_reg/C
                         clock pessimism             -0.524     1.687    <hidden>
    SLICE_X84Y120        FDCE (Hold_fdce_C_D)         0.064     1.751    inputs/button_sync_reg
  -------------------------------------------------------------------
                         required time                         -1.751    <hidden>
                         arrival time                           1.907    <hidden>
  -------------------------------------------------------------------
                         slack                                  0.156    <hidden>

Slack (MET) :             0.207ns  (arrival time - required time)
  Source:                 inputs/count_reg[4]/C
                            (rising edge-triggered cell FDCE clocked by trainer_1khz  {rise@0.000ns fall@500000.031ns period=1000000.000ns})
  Destination:            inputs/count_reg[2]/D
                            (rising edge-triggered cell FDCE clocked by trainer_1khz  {rise@0.000ns fall@500000.031ns period=1000000.000ns})
  Path Group:             trainer_1khz
  Path Type:              Hold (Min at Fast Process Corner)
  Requirement:            0.000ns  (trainer_1khz rise@0.000ns - trainer_1khz rise@0.000ns)
  Data Path Delay:        0.313ns  (logic 0.186ns (59.340%)  route 0.127ns (40.660%))
  Logic Levels:           1  (LUT6=1)
  Clock Path Skew:        0.014ns (DCD - SCD - CPR)
    Destination Clock Delay (DCD):    2.211ns
    Source Clock Delay      (SCD):    1.687ns
    Clock Pessimism Removal (CPR):    0.510ns

    Location             Delay type                Incr(ns)  Path(ns)    Netlist Resource(s)
  -------------------------------------------------------------------    -------------------
                         (clock trainer_1khz rise edge)
                                                      0.000     0.000 r  <hidden>
    B6                                                0.000     0.000 r  clk
                         net (fo=0)                   0.000     0.000    clk
    B6                   IBUF (Prop_ibuf_I_O)         0.268     0.268 r  clk_IBUF_inst/O
                         net (fo=1, routed)           0.808     1.075    clk_IBUF
    BUFGCTRL_X0Y16       BUFG (Prop_bufg_I_O)         0.026     1.101 r  clk_IBUF_BUFG_inst/O
                         net (fo=17, routed)          0.586     1.687    inputs/CLK
    SLICE_X83Y120        FDCE                                         r  inputs/count_reg[4]/C
  -------------------------------------------------------------------    -------------------
    SLICE_X83Y120        FDCE (Prop_fdce_C_Q)         0.141     1.828 f  inputs/count_reg[4]/Q
                         net (fo=4, routed)           0.127     1.956    inputs/count[4]
    SLICE_X85Y120        LUT6 (Prop_lut6_I2_O)        0.045     2.001 r  inputs/count[2]_i_1/O
                         net (fo=1, routed)           0.000     2.001    inputs/p_0_in[2]
    SLICE_X85Y120        FDCE                                         r  inputs/count_reg[2]/D
  -------------------------------------------------------------------    -------------------

                         (clock trainer_1khz rise edge)
                                                      0.000     0.000 r  <hidden>
    B6                                                0.000     0.000 r  clk
                         net (fo=0)                   0.000     0.000    clk
    B6                   IBUF (Prop_ibuf_I_O)         0.456     0.456 r  clk_IBUF_inst/O
                         net (fo=1, routed)           0.871     1.327    clk_IBUF
    BUFGCTRL_X0Y16       BUFG (Prop_bufg_I_O)         0.029     1.356 r  clk_IBUF_BUFG_inst/O
                         net (fo=17, routed)          0.855     2.211    inputs/CLK
    SLICE_X85Y120        FDCE                                         r  inputs/count_reg[2]/C
                         clock pessimism             -0.510     1.701    <hidden>
    SLICE_X85Y120        FDCE (Hold_fdce_C_D)         0.092     1.793    inputs/count_reg[2]
  -------------------------------------------------------------------
                         required time                         -1.793    <hidden>
                         arrival time                           2.001    <hidden>
  -------------------------------------------------------------------
                         slack                                  0.207    <hidden>

Slack (MET) :             0.252ns  (arrival time - required time)
  Source:                 inputs/count_reg[0]/C
                            (rising edge-triggered cell FDCE clocked by trainer_1khz  {rise@0.000ns fall@500000.031ns period=1000000.000ns})
  Destination:            inputs/count_reg[0]/D
                            (rising edge-triggered cell FDCE clocked by trainer_1khz  {rise@0.000ns fall@500000.031ns period=1000000.000ns})
  Path Group:             trainer_1khz
  Path Type:              Hold (Min at Fast Process Corner)
  Requirement:            0.000ns  (trainer_1khz rise@0.000ns - trainer_1khz rise@0.000ns)
  Data Path Delay:        0.344ns  (logic 0.186ns (54.121%)  route 0.158ns (45.879%))
  Logic Levels:           1  (LUT2=1)
  Clock Path Skew:        0.000ns (DCD - SCD - CPR)
    Destination Clock Delay (DCD):    2.211ns
    Source Clock Delay      (SCD):    1.687ns
    Clock Pessimism Removal (CPR):    0.524ns

    Location             Delay type                Incr(ns)  Path(ns)    Netlist Resource(s)
  -------------------------------------------------------------------    -------------------
                         (clock trainer_1khz rise edge)
                                                      0.000     0.000 r  <hidden>
    B6                                                0.000     0.000 r  clk
                         net (fo=0)                   0.000     0.000    clk
    B6                   IBUF (Prop_ibuf_I_O)         0.268     0.268 r  clk_IBUF_inst/O
                         net (fo=1, routed)           0.808     1.075    clk_IBUF
    BUFGCTRL_X0Y16       BUFG (Prop_bufg_I_O)         0.026     1.101 r  clk_IBUF_BUFG_inst/O
                         net (fo=17, routed)          0.586     1.687    inputs/CLK
    SLICE_X83Y120        FDCE                                         r  inputs/count_reg[0]/C
  -------------------------------------------------------------------    -------------------
    SLICE_X83Y120        FDCE (Prop_fdce_C_Q)         0.141     1.828 f  inputs/count_reg[0]/Q
                         net (fo=7, routed)           0.158     1.986    inputs/count[0]
    SLICE_X83Y120        LUT2 (Prop_lut2_I0_O)        0.045     2.031 r  inputs/count[0]_i_1/O
                         net (fo=1, routed)           0.000     2.031    inputs/p_0_in[0]
    SLICE_X83Y120        FDCE                                         r  inputs/count_reg[0]/D
  -------------------------------------------------------------------    -------------------

                         (clock trainer_1khz rise edge)
                                                      0.000     0.000 r  <hidden>
    B6                                                0.000     0.000 r  clk
                         net (fo=0)                   0.000     0.000    clk
    B6                   IBUF (Prop_ibuf_I_O)         0.456     0.456 r  clk_IBUF_inst/O
                         net (fo=1, routed)           0.871     1.327    clk_IBUF
    BUFGCTRL_X0Y16       BUFG (Prop_bufg_I_O)         0.029     1.356 r  clk_IBUF_BUFG_inst/O
                         net (fo=17, routed)          0.855     2.211    inputs/CLK
    SLICE_X83Y120        FDCE                                         r  inputs/count_reg[0]/C
                         clock pessimism             -0.524     1.687    <hidden>
    SLICE_X83Y120        FDCE (Hold_fdce_C_D)         0.092     1.779    inputs/count_reg[0]
  -------------------------------------------------------------------
                         required time                         -1.779    <hidden>
                         arrival time                           2.031    <hidden>
  -------------------------------------------------------------------
                         slack                                  0.252    <hidden>

Slack (MET) :             0.256ns  (arrival time - required time)
  Source:                 inputs/count_reg[4]/C
                            (rising edge-triggered cell FDCE clocked by trainer_1khz  {rise@0.000ns fall@500000.031ns period=1000000.000ns})
  Destination:            inputs/press_reg/D
                            (rising edge-triggered cell FDCE clocked by trainer_1khz  {rise@0.000ns fall@500000.031ns period=1000000.000ns})
  Path Group:             trainer_1khz
  Path Type:              Hold (Min at Fast Process Corner)
  Requirement:            0.000ns  (trainer_1khz rise@0.000ns - trainer_1khz rise@0.000ns)
  Data Path Delay:        0.347ns  (logic 0.186ns (53.539%)  route 0.161ns (46.461%))
  Logic Levels:           1  (LUT6=1)
  Clock Path Skew:        0.000ns (DCD - SCD - CPR)
    Destination Clock Delay (DCD):    2.211ns
    Source Clock Delay      (SCD):    1.687ns
    Clock Pessimism Removal (CPR):    0.524ns

    Location             Delay type                Incr(ns)  Path(ns)    Netlist Resource(s)
  -------------------------------------------------------------------    -------------------
                         (clock trainer_1khz rise edge)
                                                      0.000     0.000 r  <hidden>
    B6                                                0.000     0.000 r  clk
                         net (fo=0)                   0.000     0.000    clk
    B6                   IBUF (Prop_ibuf_I_O)         0.268     0.268 r  clk_IBUF_inst/O
                         net (fo=1, routed)           0.808     1.075    clk_IBUF
    BUFGCTRL_X0Y16       BUFG (Prop_bufg_I_O)         0.026     1.101 r  clk_IBUF_BUFG_inst/O
                         net (fo=17, routed)          0.586     1.687    inputs/CLK
    SLICE_X83Y120        FDCE                                         r  inputs/count_reg[4]/C
  -------------------------------------------------------------------    -------------------
    SLICE_X83Y120        FDCE (Prop_fdce_C_Q)         0.141     1.828 r  inputs/count_reg[4]/Q
                         net (fo=4, routed)           0.161     1.989    inputs/count[4]
    SLICE_X83Y120        LUT6 (Prop_lut6_I2_O)        0.045     2.034 r  inputs/press_i_1/O
                         net (fo=1, routed)           0.000     2.034    inputs/press_i_1_n_0
    SLICE_X83Y120        FDCE                                         r  inputs/press_reg/D
  -------------------------------------------------------------------    -------------------

                         (clock trainer_1khz rise edge)
                                                      0.000     0.000 r  <hidden>
    B6                                                0.000     0.000 r  clk
                         net (fo=0)                   0.000     0.000    clk
    B6                   IBUF (Prop_ibuf_I_O)         0.456     0.456 r  clk_IBUF_inst/O
                         net (fo=1, routed)           0.871     1.327    clk_IBUF
    BUFGCTRL_X0Y16       BUFG (Prop_bufg_I_O)         0.029     1.356 r  clk_IBUF_BUFG_inst/O
                         net (fo=17, routed)          0.855     2.211    inputs/CLK
    SLICE_X83Y120        FDCE                                         r  inputs/press_reg/C
                         clock pessimism             -0.524     1.687    <hidden>
    SLICE_X83Y120        FDCE (Hold_fdce_C_D)         0.091     1.778    inputs/press_reg
  -------------------------------------------------------------------
                         required time                         -1.778    <hidden>
                         arrival time                           2.034    <hidden>
  -------------------------------------------------------------------
                         slack                                  0.256    <hidden>

Slack (MET) :             0.257ns  (arrival time - required time)
  Source:                 inputs/count_reg[0]/C
                            (rising edge-triggered cell FDCE clocked by trainer_1khz  {rise@0.000ns fall@500000.031ns period=1000000.000ns})
  Destination:            inputs/count_reg[3]/D
                            (rising edge-triggered cell FDCE clocked by trainer_1khz  {rise@0.000ns fall@500000.031ns period=1000000.000ns})
  Path Group:             trainer_1khz
  Path Type:              Hold (Min at Fast Process Corner)
  Requirement:            0.000ns  (trainer_1khz rise@0.000ns - trainer_1khz rise@0.000ns)
  Data Path Delay:        0.403ns  (logic 0.188ns (46.689%)  route 0.215ns (53.311%))
  Logic Levels:           1  (LUT5=1)
  Clock Path Skew:        0.015ns (DCD - SCD - CPR)
    Destination Clock Delay (DCD):    2.212ns
    Source Clock Delay      (SCD):    1.687ns
    Clock Pessimism Removal (CPR):    0.510ns

    Location             Delay type                Incr(ns)  Path(ns)    Netlist Resource(s)
  -------------------------------------------------------------------    -------------------
                         (clock trainer_1khz rise edge)
                                                      0.000     0.000 r  <hidden>
    B6                                                0.000     0.000 r  clk
                         net (fo=0)                   0.000     0.000    clk
    B6                   IBUF (Prop_ibuf_I_O)         0.268     0.268 r  clk_IBUF_inst/O
                         net (fo=1, routed)           0.808     1.075    clk_IBUF
    BUFGCTRL_X0Y16       BUFG (Prop_bufg_I_O)         0.026     1.101 r  clk_IBUF_BUFG_inst/O
                         net (fo=17, routed)          0.586     1.687    inputs/CLK
    SLICE_X83Y120        FDCE                                         r  inputs/count_reg[0]/C
  -------------------------------------------------------------------    -------------------
    SLICE_X83Y120        FDCE (Prop_fdce_C_Q)         0.141     1.828 r  inputs/count_reg[0]/Q
                         net (fo=7, routed)           0.215     2.043    inputs/count[0]
    SLICE_X84Y119        LUT5 (Prop_lut5_I1_O)        0.047     2.090 r  inputs/count[3]_i_1/O
                         net (fo=1, routed)           0.000     2.090    inputs/p_0_in[3]
    SLICE_X84Y119        FDCE                                         r  inputs/count_reg[3]/D
  -------------------------------------------------------------------    -------------------

                         (clock trainer_1khz rise edge)
                                                      0.000     0.000 r  <hidden>
    B6                                                0.000     0.000 r  clk
                         net (fo=0)                   0.000     0.000    clk
    B6                   IBUF (Prop_ibuf_I_O)         0.456     0.456 r  clk_IBUF_inst/O
                         net (fo=1, routed)           0.871     1.327    clk_IBUF
    BUFGCTRL_X0Y16       BUFG (Prop_bufg_I_O)         0.029     1.356 r  clk_IBUF_BUFG_inst/O
                         net (fo=17, routed)          0.856     2.212    inputs/CLK
    SLICE_X84Y119        FDCE                                         r  inputs/count_reg[3]/C
                         clock pessimism             -0.510     1.702    <hidden>
    SLICE_X84Y119        FDCE (Hold_fdce_C_D)         0.131     1.833    inputs/count_reg[3]
  -------------------------------------------------------------------
                         required time                         -1.833    <hidden>
                         arrival time                           2.090    <hidden>
  -------------------------------------------------------------------
                         slack                                  0.257    <hidden>

Slack (MET) :             0.264ns  (arrival time - required time)
  Source:                 inputs/accepted_reg/C
                            (rising edge-triggered cell FDCE clocked by trainer_1khz  {rise@0.000ns fall@500000.031ns period=1000000.000ns})
  Destination:            inputs/accepted_reg/D
                            (rising edge-triggered cell FDCE clocked by trainer_1khz  {rise@0.000ns fall@500000.031ns period=1000000.000ns})
  Path Group:             trainer_1khz
  Path Type:              Hold (Min at Fast Process Corner)
  Requirement:            0.000ns  (trainer_1khz rise@0.000ns - trainer_1khz rise@0.000ns)
  Data Path Delay:        0.384ns  (logic 0.209ns (54.393%)  route 0.175ns (45.607%))
  Logic Levels:           1  (LUT6=1)
  Clock Path Skew:        0.000ns (DCD - SCD - CPR)
    Destination Clock Delay (DCD):    2.212ns
    Source Clock Delay      (SCD):    1.688ns
    Clock Pessimism Removal (CPR):    0.524ns

    Location             Delay type                Incr(ns)  Path(ns)    Netlist Resource(s)
  -------------------------------------------------------------------    -------------------
                         (clock trainer_1khz rise edge)
                                                      0.000     0.000 r  <hidden>
    B6                                                0.000     0.000 r  clk
                         net (fo=0)                   0.000     0.000    clk
    B6                   IBUF (Prop_ibuf_I_O)         0.268     0.268 r  clk_IBUF_inst/O
                         net (fo=1, routed)           0.808     1.075    clk_IBUF
    BUFGCTRL_X0Y16       BUFG (Prop_bufg_I_O)         0.026     1.101 r  clk_IBUF_BUFG_inst/O
                         net (fo=17, routed)          0.587     1.688    inputs/CLK
    SLICE_X84Y119        FDCE                                         r  inputs/accepted_reg/C
  -------------------------------------------------------------------    -------------------
    SLICE_X84Y119        FDCE (Prop_fdce_C_Q)         0.164     1.852 r  inputs/accepted_reg/Q
                         net (fo=3, routed)           0.175     2.027    inputs/accepted
    SLICE_X84Y119        LUT6 (Prop_lut6_I5_O)        0.045     2.072 r  inputs/accepted_i_1/O
                         net (fo=1, routed)           0.000     2.072    inputs/accepted_i_1_n_0
    SLICE_X84Y119        FDCE                                         r  inputs/accepted_reg/D
  -------------------------------------------------------------------    -------------------

                         (clock trainer_1khz rise edge)
                                                      0.000     0.000 r  <hidden>
    B6                                                0.000     0.000 r  clk
                         net (fo=0)                   0.000     0.000    clk
    B6                   IBUF (Prop_ibuf_I_O)         0.456     0.456 r  clk_IBUF_inst/O
                         net (fo=1, routed)           0.871     1.327    clk_IBUF
    BUFGCTRL_X0Y16       BUFG (Prop_bufg_I_O)         0.029     1.356 r  clk_IBUF_BUFG_inst/O
                         net (fo=17, routed)          0.856     2.212    inputs/CLK
    SLICE_X84Y119        FDCE                                         r  inputs/accepted_reg/C
                         clock pessimism             -0.524     1.688    <hidden>
    SLICE_X84Y119        FDCE (Hold_fdce_C_D)         0.120     1.808    inputs/accepted_reg
  -------------------------------------------------------------------
                         required time                         -1.808    <hidden>
                         arrival time                           2.072    <hidden>
  -------------------------------------------------------------------
                         slack                                  0.264    <hidden>

Slack (MET) :             0.265ns  (arrival time - required time)
  Source:                 inputs/count_reg[0]/C
                            (rising edge-triggered cell FDCE clocked by trainer_1khz  {rise@0.000ns fall@500000.031ns period=1000000.000ns})
  Destination:            inputs/count_reg[1]/D
                            (rising edge-triggered cell FDCE clocked by trainer_1khz  {rise@0.000ns fall@500000.031ns period=1000000.000ns})
  Path Group:             trainer_1khz
  Path Type:              Hold (Min at Fast Process Corner)
  Requirement:            0.000ns  (trainer_1khz rise@0.000ns - trainer_1khz rise@0.000ns)
  Data Path Delay:        0.401ns  (logic 0.186ns (46.423%)  route 0.215ns (53.577%))
  Logic Levels:           1  (LUT3=1)
  Clock Path Skew:        0.015ns (DCD - SCD - CPR)
    Destination Clock Delay (DCD):    2.212ns
    Source Clock Delay      (SCD):    1.687ns
    Clock Pessimism Removal (CPR):    0.510ns

    Location             Delay type                Incr(ns)  Path(ns)    Netlist Resource(s)
  -------------------------------------------------------------------    -------------------
                         (clock trainer_1khz rise edge)
                                                      0.000     0.000 r  <hidden>
    B6                                                0.000     0.000 r  clk
                         net (fo=0)                   0.000     0.000    clk
    B6                   IBUF (Prop_ibuf_I_O)         0.268     0.268 r  clk_IBUF_inst/O
                         net (fo=1, routed)           0.808     1.075    clk_IBUF
    BUFGCTRL_X0Y16       BUFG (Prop_bufg_I_O)         0.026     1.101 r  clk_IBUF_BUFG_inst/O
                         net (fo=17, routed)          0.586     1.687    inputs/CLK
    SLICE_X83Y120        FDCE                                         r  inputs/count_reg[0]/C
  -------------------------------------------------------------------    -------------------
    SLICE_X83Y120        FDCE (Prop_fdce_C_Q)         0.141     1.828 r  inputs/count_reg[0]/Q
                         net (fo=7, routed)           0.215     2.043    inputs/count[0]
    SLICE_X84Y119        LUT3 (Prop_lut3_I0_O)        0.045     2.088 r  inputs/count[1]_i_1/O
                         net (fo=1, routed)           0.000     2.088    inputs/p_0_in[1]
    SLICE_X84Y119        FDCE                                         r  inputs/count_reg[1]/D
  -------------------------------------------------------------------    -------------------

                         (clock trainer_1khz rise edge)
                                                      0.000     0.000 r  <hidden>
    B6                                                0.000     0.000 r  clk
                         net (fo=0)                   0.000     0.000    clk
    B6                   IBUF (Prop_ibuf_I_O)         0.456     0.456 r  clk_IBUF_inst/O
                         net (fo=1, routed)           0.871     1.327    clk_IBUF
    BUFGCTRL_X0Y16       BUFG (Prop_bufg_I_O)         0.029     1.356 r  clk_IBUF_BUFG_inst/O
                         net (fo=17, routed)          0.856     2.212    inputs/CLK
    SLICE_X84Y119        FDCE                                         r  inputs/count_reg[1]/C
                         clock pessimism             -0.510     1.702    <hidden>
    SLICE_X84Y119        FDCE (Hold_fdce_C_D)         0.121     1.823    inputs/count_reg[1]
  -------------------------------------------------------------------
                         required time                         -1.823    <hidden>
                         arrival time                           2.088    <hidden>
  -------------------------------------------------------------------
                         slack                                  0.265    <hidden>

Slack (MET) :             0.276ns  (arrival time - required time)
  Source:                 inputs/count_reg[4]/C
                            (rising edge-triggered cell FDCE clocked by trainer_1khz  {rise@0.000ns fall@500000.031ns period=1000000.000ns})
  Destination:            inputs/count_reg[4]/D
                            (rising edge-triggered cell FDCE clocked by trainer_1khz  {rise@0.000ns fall@500000.031ns period=1000000.000ns})
  Path Group:             trainer_1khz
  Path Type:              Hold (Min at Fast Process Corner)
  Requirement:            0.000ns  (trainer_1khz rise@0.000ns - trainer_1khz rise@0.000ns)
  Data Path Delay:        0.368ns  (logic 0.186ns (50.492%)  route 0.182ns (49.508%))
  Logic Levels:           1  (LUT6=1)
  Clock Path Skew:        0.000ns (DCD - SCD - CPR)
    Destination Clock Delay (DCD):    2.211ns
    Source Clock Delay      (SCD):    1.687ns
    Clock Pessimism Removal (CPR):    0.524ns

    Location             Delay type                Incr(ns)  Path(ns)    Netlist Resource(s)
  -------------------------------------------------------------------    -------------------
                         (clock trainer_1khz rise edge)
                                                      0.000     0.000 r  <hidden>
    B6                                                0.000     0.000 r  clk
                         net (fo=0)                   0.000     0.000    clk
    B6                   IBUF (Prop_ibuf_I_O)         0.268     0.268 r  clk_IBUF_inst/O
                         net (fo=1, routed)           0.808     1.075    clk_IBUF
    BUFGCTRL_X0Y16       BUFG (Prop_bufg_I_O)         0.026     1.101 r  clk_IBUF_BUFG_inst/O
                         net (fo=17, routed)          0.586     1.687    inputs/CLK
    SLICE_X83Y120        FDCE                                         r  inputs/count_reg[4]/C
  -------------------------------------------------------------------    -------------------
    SLICE_X83Y120        FDCE (Prop_fdce_C_Q)         0.141     1.828 r  inputs/count_reg[4]/Q
                         net (fo=4, routed)           0.182     2.010    inputs/count[4]
    SLICE_X83Y120        LUT6 (Prop_lut6_I2_O)        0.045     2.055 r  inputs/count[4]_i_1/O
                         net (fo=1, routed)           0.000     2.055    inputs/p_0_in[4]
    SLICE_X83Y120        FDCE                                         r  inputs/count_reg[4]/D
  -------------------------------------------------------------------    -------------------

                         (clock trainer_1khz rise edge)
                                                      0.000     0.000 r  <hidden>
    B6                                                0.000     0.000 r  clk
                         net (fo=0)                   0.000     0.000    clk
    B6                   IBUF (Prop_ibuf_I_O)         0.456     0.456 r  clk_IBUF_inst/O
                         net (fo=1, routed)           0.871     1.327    clk_IBUF
    BUFGCTRL_X0Y16       BUFG (Prop_bufg_I_O)         0.029     1.356 r  clk_IBUF_BUFG_inst/O
                         net (fo=17, routed)          0.855     2.211    inputs/CLK
    SLICE_X83Y120        FDCE                                         r  inputs/count_reg[4]/C
                         clock pessimism             -0.524     1.687    <hidden>
    SLICE_X83Y120        FDCE (Hold_fdce_C_D)         0.092     1.779    inputs/count_reg[4]
  -------------------------------------------------------------------
                         required time                         -1.779    <hidden>
                         arrival time                           2.055    <hidden>
  -------------------------------------------------------------------
                         slack                                  0.276    <hidden>

Slack (MET) :             0.280ns  (arrival time - required time)
  Source:                 inputs/sw_meta_reg[0]/C
                            (rising edge-triggered cell FDCE clocked by trainer_1khz  {rise@0.000ns fall@500000.031ns period=1000000.000ns})
  Destination:            inputs/sw_sync_reg[0]/D
                            (rising edge-triggered cell FDCE clocked by trainer_1khz  {rise@0.000ns fall@500000.031ns period=1000000.000ns})
  Path Group:             trainer_1khz
  Path Type:              Hold (Min at Fast Process Corner)
  Requirement:            0.000ns  (trainer_1khz rise@0.000ns - trainer_1khz rise@0.000ns)
  Data Path Delay:        0.340ns  (logic 0.164ns (48.174%)  route 0.176ns (51.826%))
  Logic Levels:           0  
  Clock Path Skew:        0.000ns (DCD - SCD - CPR)
    Destination Clock Delay (DCD):    2.211ns
    Source Clock Delay      (SCD):    1.687ns
    Clock Pessimism Removal (CPR):    0.524ns

    Location             Delay type                Incr(ns)  Path(ns)    Netlist Resource(s)
  -------------------------------------------------------------------    -------------------
                         (clock trainer_1khz rise edge)
                                                      0.000     0.000 r  <hidden>
    B6                                                0.000     0.000 r  clk
                         net (fo=0)                   0.000     0.000    clk
    B6                   IBUF (Prop_ibuf_I_O)         0.268     0.268 r  clk_IBUF_inst/O
                         net (fo=1, routed)           0.808     1.075    clk_IBUF
    BUFGCTRL_X0Y16       BUFG (Prop_bufg_I_O)         0.026     1.101 r  clk_IBUF_BUFG_inst/O
                         net (fo=17, routed)          0.586     1.687    inputs/CLK
    SLICE_X84Y120        FDCE                                         r  inputs/sw_meta_reg[0]/C
  -------------------------------------------------------------------    -------------------
    SLICE_X84Y120        FDCE (Prop_fdce_C_Q)         0.164     1.851 r  inputs/sw_meta_reg[0]/Q
                         net (fo=1, routed)           0.176     2.028    inputs/sw_meta[0]
    SLICE_X84Y120        FDCE                                         r  inputs/sw_sync_reg[0]/D
  -------------------------------------------------------------------    -------------------

                         (clock trainer_1khz rise edge)
                                                      0.000     0.000 r  <hidden>
    B6                                                0.000     0.000 r  clk
                         net (fo=0)                   0.000     0.000    clk
    B6                   IBUF (Prop_ibuf_I_O)         0.456     0.456 r  clk_IBUF_inst/O
                         net (fo=1, routed)           0.871     1.327    clk_IBUF
    BUFGCTRL_X0Y16       BUFG (Prop_bufg_I_O)         0.029     1.356 r  clk_IBUF_BUFG_inst/O
                         net (fo=17, routed)          0.855     2.211    inputs/CLK
    SLICE_X84Y120        FDCE                                         r  inputs/sw_sync_reg[0]/C
                         clock pessimism             -0.524     1.687    <hidden>
    SLICE_X84Y120        FDCE (Hold_fdce_C_D)         0.060     1.747    inputs/sw_sync_reg[0]
  -------------------------------------------------------------------
                         required time                         -1.747    <hidden>
                         arrival time                           2.028    <hidden>
  -------------------------------------------------------------------
                         slack                                  0.280    <hidden>





Pulse Width Checks
--------------------------------------------------------------------------------------
Clock Name:         trainer_1khz
Waveform(ns):       { 0.000 500000.031 }
Period(ns):         1000000.062
Sources:            { clk }

Check Type        Corner  Lib Pin  Reference Pin  Required(ns)  Actual(ns)   Slack(ns)   Location        Pin
Min Period        n/a     BUFG/I   n/a            2.155         1000000.047  999997.836  BUFGCTRL_X0Y16  clk_IBUF_BUFG_inst/I
Min Period        n/a     FDRE/C   n/a            1.000         1000000.047  999999.000  SLICE_X84Y121   core/value_reg[0]/C
Min Period        n/a     FDRE/C   n/a            1.000         1000000.047  999999.000  SLICE_X84Y121   core/value_reg[1]/C
Min Period        n/a     FDRE/C   n/a            1.000         1000000.047  999999.000  SLICE_X84Y121   core/value_reg[2]/C
Min Period        n/a     FDRE/C   n/a            1.000         1000000.047  999999.000  SLICE_X84Y121   core/value_reg[3]/C
Min Period        n/a     FDCE/C   n/a            1.000         1000000.047  999999.000  SLICE_X84Y119   inputs/accepted_reg/C
Min Period        n/a     FDCE/C   n/a            1.000         1000000.047  999999.000  SLICE_X84Y120   inputs/button_meta_reg/C
Min Period        n/a     FDCE/C   n/a            1.000         1000000.047  999999.000  SLICE_X84Y120   inputs/button_sync_reg/C
Min Period        n/a     FDCE/C   n/a            1.000         1000000.047  999999.000  SLICE_X83Y120   inputs/count_reg[0]/C
Min Period        n/a     FDCE/C   n/a            1.000         1000000.047  999999.000  SLICE_X84Y119   inputs/count_reg[1]/C
Low Pulse Width   Slow    FDRE/C   n/a            0.500         499999.907   499999.383  SLICE_X84Y121   core/value_reg[0]/C
Low Pulse Width   Slow    FDRE/C   n/a            0.500         499999.907   499999.383  SLICE_X84Y121   core/value_reg[1]/C
Low Pulse Width   Slow    FDRE/C   n/a            0.500         499999.907   499999.383  SLICE_X84Y121   core/value_reg[2]/C
Low Pulse Width   Slow    FDRE/C   n/a            0.500         499999.907   499999.383  SLICE_X84Y121   core/value_reg[3]/C
Low Pulse Width   Slow    FDCE/C   n/a            0.500         499999.907   499999.383  SLICE_X84Y119   inputs/accepted_reg/C
Low Pulse Width   Slow    FDCE/C   n/a            0.500         499999.907   499999.383  SLICE_X84Y120   inputs/button_meta_reg/C
Low Pulse Width   Slow    FDCE/C   n/a            0.500         499999.907   499999.383  SLICE_X84Y120   inputs/button_sync_reg/C
Low Pulse Width   Slow    FDCE/C   n/a            0.500         499999.907   499999.383  SLICE_X83Y120   inputs/count_reg[0]/C
Low Pulse Width   Slow    FDCE/C   n/a            0.500         499999.907   499999.383  SLICE_X84Y119   inputs/count_reg[1]/C
Low Pulse Width   Slow    FDCE/C   n/a            0.500         499999.907   499999.383  SLICE_X85Y120   inputs/count_reg[2]/C
High Pulse Width  Fast    FDRE/C   n/a            0.500         500000.024   499999.500  SLICE_X84Y121   core/value_reg[0]/C
High Pulse Width  Fast    FDRE/C   n/a            0.500         500000.024   499999.500  SLICE_X84Y121   core/value_reg[1]/C
High Pulse Width  Fast    FDRE/C   n/a            0.500         500000.024   499999.500  SLICE_X84Y121   core/value_reg[2]/C
High Pulse Width  Fast    FDRE/C   n/a            0.500         500000.024   499999.500  SLICE_X84Y121   core/value_reg[3]/C
High Pulse Width  Fast    FDCE/C   n/a            0.500         500000.024   499999.500  SLICE_X84Y119   inputs/accepted_reg/C
High Pulse Width  Fast    FDCE/C   n/a            0.500         500000.024   499999.500  SLICE_X84Y120   inputs/button_meta_reg/C
High Pulse Width  Fast    FDCE/C   n/a            0.500         500000.024   499999.500  SLICE_X84Y120   inputs/button_sync_reg/C
High Pulse Width  Fast    FDCE/C   n/a            0.500         500000.024   499999.500  SLICE_X83Y120   inputs/count_reg[0]/C
High Pulse Width  Fast    FDCE/C   n/a            0.500         500000.024   499999.500  SLICE_X84Y119   inputs/count_reg[1]/C
High Pulse Width  Fast    FDCE/C   n/a            0.500         500000.024   499999.500  SLICE_X85Y120   inputs/count_reg[2]/C



---------------------------------------------------------------------------------------------------
Path Group:  **async_default**
From Clock:  trainer_1khz
  To Clock:  trainer_1khz

Setup :            0  Failing Endpoints,  Worst Slack   999998.438ns,  Total Violation        0.000ns
Hold  :            0  Failing Endpoints,  Worst Slack        0.439ns,  Total Violation        0.000ns
---------------------------------------------------------------------------------------------------


Max Delay Paths
--------------------------------------------------------------------------------------
Slack (MET) :             999998.438ns  (required time - arrival time)
  Source:                 inputs/reset_pipe_reg[1]/C
                            (rising edge-triggered cell FDPE clocked by trainer_1khz  {rise@0.000ns fall@500000.031ns period=1000000.000ns})
  Destination:            inputs/button_sync_reg/CLR
                            (recovery check against rising-edge clock trainer_1khz  {rise@0.000ns fall@500000.031ns period=1000000.000ns})
  Path Group:             **async_default**
  Path Type:              Recovery (Max at Slow Process Corner)
  Requirement:            1000000.062ns  (trainer_1khz rise@1000000.062ns - trainer_1khz rise@0.000ns)
  Data Path Delay:        0.945ns  (logic 0.419ns (44.320%)  route 0.526ns (55.680%))
  Logic Levels:           0  
  Clock Path Skew:        -0.022ns (DCD - SCD + CPR)
    Destination Clock Delay (DCD):    5.285ns = ( 1000005.375 - 1000000.062 ) 
    Source Clock Delay      (SCD):    5.597ns
    Clock Pessimism Removal (CPR):    0.290ns
  Clock Uncertainty:      0.035ns  ((TSJ^2 + TIJ^2)^1/2 + DJ) / 2 + PE
    Total System Jitter     (TSJ):    0.071ns
    Total Input Jitter      (TIJ):    0.000ns
    Discrete Jitter          (DJ):    0.000ns
    Phase Error              (PE):    0.000ns

    Location             Delay type                Incr(ns)  Path(ns)    Netlist Resource(s)
  -------------------------------------------------------------------    -------------------
                         (clock trainer_1khz rise edge)
                                                      0.000     0.000 r  <hidden>
    B6                                                0.000     0.000 r  clk
                         net (fo=0)                   0.000     0.000    clk
    B6                   IBUF (Prop_ibuf_I_O)         1.500     1.500 r  clk_IBUF_inst/O
                         net (fo=1, routed)           2.315     3.815    clk_IBUF
    BUFGCTRL_X0Y16       BUFG (Prop_bufg_I_O)         0.096     3.911 r  clk_IBUF_BUFG_inst/O
                         net (fo=17, routed)          1.686     5.597    inputs/CLK
    SLICE_X85Y121        FDPE                                         r  inputs/reset_pipe_reg[1]/C
  -------------------------------------------------------------------    -------------------
    SLICE_X85Y121        FDPE (Prop_fdpe_C_Q)         0.419     6.016 f  inputs/reset_pipe_reg[1]/Q
                         net (fo=15, routed)          0.526     6.543    inputs/reset_pipe[1]
    SLICE_X84Y120        FDCE                                         f  inputs/button_sync_reg/CLR
  -------------------------------------------------------------------    -------------------

                         (clock trainer_1khz rise edge)
                                                  1000000.062 1000000.062 r  <hidden>
    B6                                                0.000 1000000.062 r  clk
                         net (fo=0)                   0.000 1000000.062    clk
    B6                   IBUF (Prop_ibuf_I_O)         1.429 1000001.500 r  clk_IBUF_inst/O
                         net (fo=1, routed)           2.196 1000003.688    clk_IBUF
    BUFGCTRL_X0Y16       BUFG (Prop_bufg_I_O)         0.091 1000003.750 r  clk_IBUF_BUFG_inst/O
                         net (fo=17, routed)          1.569 1000005.312    inputs/CLK
    SLICE_X84Y120        FDCE                                         r  inputs/button_sync_reg/C
                         clock pessimism              0.290 1000005.625    <hidden>
                         clock uncertainty           -0.035 1000005.562    <hidden>
    SLICE_X84Y120        FDCE (Recov_fdce_C_CLR)     -0.536 1000005.000    inputs/button_sync_reg
  -------------------------------------------------------------------
                         required time                      1000004.938    <hidden>
                         arrival time                          -6.543    <hidden>
  -------------------------------------------------------------------
                         slack                              999998.438    <hidden>

Slack (MET) :             999998.438ns  (required time - arrival time)
  Source:                 inputs/reset_pipe_reg[1]/C
                            (rising edge-triggered cell FDPE clocked by trainer_1khz  {rise@0.000ns fall@500000.031ns period=1000000.000ns})
  Destination:            inputs/count_reg[0]/CLR
                            (recovery check against rising-edge clock trainer_1khz  {rise@0.000ns fall@500000.031ns period=1000000.000ns})
  Path Group:             **async_default**
  Path Type:              Recovery (Max at Slow Process Corner)
  Requirement:            1000000.062ns  (trainer_1khz rise@1000000.062ns - trainer_1khz rise@0.000ns)
  Data Path Delay:        0.920ns  (logic 0.419ns (45.550%)  route 0.501ns (54.450%))
  Logic Levels:           0  
  Clock Path Skew:        -0.022ns (DCD - SCD + CPR)
    Destination Clock Delay (DCD):    5.285ns = ( 1000005.375 - 1000000.062 ) 
    Source Clock Delay      (SCD):    5.597ns
    Clock Pessimism Removal (CPR):    0.290ns
  Clock Uncertainty:      0.035ns  ((TSJ^2 + TIJ^2)^1/2 + DJ) / 2 + PE
    Total System Jitter     (TSJ):    0.071ns
    Total Input Jitter      (TIJ):    0.000ns
    Discrete Jitter          (DJ):    0.000ns
    Phase Error              (PE):    0.000ns

    Location             Delay type                Incr(ns)  Path(ns)    Netlist Resource(s)
  -------------------------------------------------------------------    -------------------
                         (clock trainer_1khz rise edge)
                                                      0.000     0.000 r  <hidden>
    B6                                                0.000     0.000 r  clk
                         net (fo=0)                   0.000     0.000    clk
    B6                   IBUF (Prop_ibuf_I_O)         1.500     1.500 r  clk_IBUF_inst/O
                         net (fo=1, routed)           2.315     3.815    clk_IBUF
    BUFGCTRL_X0Y16       BUFG (Prop_bufg_I_O)         0.096     3.911 r  clk_IBUF_BUFG_inst/O
                         net (fo=17, routed)          1.686     5.597    inputs/CLK
    SLICE_X85Y121        FDPE                                         r  inputs/reset_pipe_reg[1]/C
  -------------------------------------------------------------------    -------------------
    SLICE_X85Y121        FDPE (Prop_fdpe_C_Q)         0.419     6.016 f  inputs/reset_pipe_reg[1]/Q
                         net (fo=15, routed)          0.501     6.517    inputs/reset_pipe[1]
    SLICE_X83Y120        FDCE                                         f  inputs/count_reg[0]/CLR
  -------------------------------------------------------------------    -------------------

                         (clock trainer_1khz rise edge)
                                                  1000000.062 1000000.062 r  <hidden>
    B6                                                0.000 1000000.062 r  clk
                         net (fo=0)                   0.000 1000000.062    clk
    B6                   IBUF (Prop_ibuf_I_O)         1.429 1000001.500 r  clk_IBUF_inst/O
                         net (fo=1, routed)           2.196 1000003.688    clk_IBUF
    BUFGCTRL_X0Y16       BUFG (Prop_bufg_I_O)         0.091 1000003.750 r  clk_IBUF_BUFG_inst/O
                         net (fo=17, routed)          1.569 1000005.312    inputs/CLK
    SLICE_X83Y120        FDCE                                         r  inputs/count_reg[0]/C
                         clock pessimism              0.290 1000005.625    <hidden>
                         clock uncertainty           -0.035 1000005.562    <hidden>
    SLICE_X83Y120        FDCE (Recov_fdce_C_CLR)     -0.580 1000005.000    inputs/count_reg[0]
  -------------------------------------------------------------------
                         required time                      1000004.938    <hidden>
                         arrival time                          -6.517    <hidden>
  -------------------------------------------------------------------
                         slack                              999998.438    <hidden>

Slack (MET) :             999998.438ns  (required time - arrival time)
  Source:                 inputs/reset_pipe_reg[1]/C
                            (rising edge-triggered cell FDPE clocked by trainer_1khz  {rise@0.000ns fall@500000.031ns period=1000000.000ns})
  Destination:            inputs/count_reg[2]/CLR
                            (recovery check against rising-edge clock trainer_1khz  {rise@0.000ns fall@500000.031ns period=1000000.000ns})
  Path Group:             **async_default**
  Path Type:              Recovery (Max at Slow Process Corner)
  Requirement:            1000000.062ns  (trainer_1khz rise@1000000.062ns - trainer_1khz rise@0.000ns)
  Data Path Delay:        0.945ns  (logic 0.419ns (44.320%)  route 0.526ns (55.680%))
  Logic Levels:           0  
  Clock Path Skew:        -0.022ns (DCD - SCD + CPR)
    Destination Clock Delay (DCD):    5.285ns = ( 1000005.375 - 1000000.062 ) 
    Source Clock Delay      (SCD):    5.597ns
    Clock Pessimism Removal (CPR):    0.290ns
  Clock Uncertainty:      0.035ns  ((TSJ^2 + TIJ^2)^1/2 + DJ) / 2 + PE
    Total System Jitter     (TSJ):    0.071ns
    Total Input Jitter      (TIJ):    0.000ns
    Discrete Jitter          (DJ):    0.000ns
    Phase Error              (PE):    0.000ns

    Location             Delay type                Incr(ns)  Path(ns)    Netlist Resource(s)
  -------------------------------------------------------------------    -------------------
                         (clock trainer_1khz rise edge)
                                                      0.000     0.000 r  <hidden>
    B6                                                0.000     0.000 r  clk
                         net (fo=0)                   0.000     0.000    clk
    B6                   IBUF (Prop_ibuf_I_O)         1.500     1.500 r  clk_IBUF_inst/O
                         net (fo=1, routed)           2.315     3.815    clk_IBUF
    BUFGCTRL_X0Y16       BUFG (Prop_bufg_I_O)         0.096     3.911 r  clk_IBUF_BUFG_inst/O
                         net (fo=17, routed)          1.686     5.597    inputs/CLK
    SLICE_X85Y121        FDPE                                         r  inputs/reset_pipe_reg[1]/C
  -------------------------------------------------------------------    -------------------
    SLICE_X85Y121        FDPE (Prop_fdpe_C_Q)         0.419     6.016 f  inputs/reset_pipe_reg[1]/Q
                         net (fo=15, routed)          0.526     6.543    inputs/reset_pipe[1]
    SLICE_X85Y120        FDCE                                         f  inputs/count_reg[2]/CLR
  -------------------------------------------------------------------    -------------------

                         (clock trainer_1khz rise edge)
                                                  1000000.062 1000000.062 r  <hidden>
    B6                                                0.000 1000000.062 r  clk
                         net (fo=0)                   0.000 1000000.062    clk
    B6                   IBUF (Prop_ibuf_I_O)         1.429 1000001.500 r  clk_IBUF_inst/O
                         net (fo=1, routed)           2.196 1000003.688    clk_IBUF
    BUFGCTRL_X0Y16       BUFG (Prop_bufg_I_O)         0.091 1000003.750 r  clk_IBUF_BUFG_inst/O
                         net (fo=17, routed)          1.569 1000005.312    inputs/CLK
    SLICE_X85Y120        FDCE                                         r  inputs/count_reg[2]/C
                         clock pessimism              0.290 1000005.625    <hidden>
                         clock uncertainty           -0.035 1000005.562    <hidden>
    SLICE_X85Y120        FDCE (Recov_fdce_C_CLR)     -0.580 1000005.000    inputs/count_reg[2]
  -------------------------------------------------------------------
                         required time                      1000004.938    <hidden>
                         arrival time                          -6.543    <hidden>
  -------------------------------------------------------------------
                         slack                              999998.438    <hidden>

Slack (MET) :             999998.438ns  (required time - arrival time)
  Source:                 inputs/reset_pipe_reg[1]/C
                            (rising edge-triggered cell FDPE clocked by trainer_1khz  {rise@0.000ns fall@500000.031ns period=1000000.000ns})
  Destination:            inputs/count_reg[3]/CLR
                            (recovery check against rising-edge clock trainer_1khz  {rise@0.000ns fall@500000.031ns period=1000000.000ns})
  Path Group:             **async_default**
  Path Type:              Recovery (Max at Slow Process Corner)
  Requirement:            1000000.062ns  (trainer_1khz rise@1000000.062ns - trainer_1khz rise@0.000ns)
  Data Path Delay:        0.977ns  (logic 0.419ns (42.882%)  route 0.558ns (57.118%))
  Logic Levels:           0  
  Clock Path Skew:        -0.022ns (DCD - SCD + CPR)
    Destination Clock Delay (DCD):    5.285ns = ( 1000005.375 - 1000000.062 ) 
    Source Clock Delay      (SCD):    5.597ns
    Clock Pessimism Removal (CPR):    0.290ns
  Clock Uncertainty:      0.035ns  ((TSJ^2 + TIJ^2)^1/2 + DJ) / 2 + PE
    Total System Jitter     (TSJ):    0.071ns
    Total Input Jitter      (TIJ):    0.000ns
    Discrete Jitter          (DJ):    0.000ns
    Phase Error              (PE):    0.000ns

    Location             Delay type                Incr(ns)  Path(ns)    Netlist Resource(s)
  -------------------------------------------------------------------    -------------------
                         (clock trainer_1khz rise edge)
                                                      0.000     0.000 r  <hidden>
    B6                                                0.000     0.000 r  clk
                         net (fo=0)                   0.000     0.000    clk
    B6                   IBUF (Prop_ibuf_I_O)         1.500     1.500 r  clk_IBUF_inst/O
                         net (fo=1, routed)           2.315     3.815    clk_IBUF
    BUFGCTRL_X0Y16       BUFG (Prop_bufg_I_O)         0.096     3.911 r  clk_IBUF_BUFG_inst/O
                         net (fo=17, routed)          1.686     5.597    inputs/CLK
    SLICE_X85Y121        FDPE                                         r  inputs/reset_pipe_reg[1]/C
  -------------------------------------------------------------------    -------------------
    SLICE_X85Y121        FDPE (Prop_fdpe_C_Q)         0.419     6.016 f  inputs/reset_pipe_reg[1]/Q
                         net (fo=15, routed)          0.558     6.574    inputs/reset_pipe[1]
    SLICE_X84Y119        FDCE                                         f  inputs/count_reg[3]/CLR
  -------------------------------------------------------------------    -------------------

                         (clock trainer_1khz rise edge)
                                                  1000000.062 1000000.062 r  <hidden>
    B6                                                0.000 1000000.062 r  clk
                         net (fo=0)                   0.000 1000000.062    clk
    B6                   IBUF (Prop_ibuf_I_O)         1.429 1000001.500 r  clk_IBUF_inst/O
                         net (fo=1, routed)           2.196 1000003.688    clk_IBUF
    BUFGCTRL_X0Y16       BUFG (Prop_bufg_I_O)         0.091 1000003.750 r  clk_IBUF_BUFG_inst/O
                         net (fo=17, routed)          1.569 1000005.312    inputs/CLK
    SLICE_X84Y119        FDCE                                         r  inputs/count_reg[3]/C
                         clock pessimism              0.290 1000005.625    <hidden>
                         clock uncertainty           -0.035 1000005.562    <hidden>
    SLICE_X84Y119        FDCE (Recov_fdce_C_CLR)     -0.536 1000005.000    inputs/count_reg[3]
  -------------------------------------------------------------------
                         required time                      1000004.938    <hidden>
                         arrival time                          -6.574    <hidden>
  -------------------------------------------------------------------
                         slack                              999998.438    <hidden>

Slack (MET) :             999998.438ns  (required time - arrival time)
  Source:                 inputs/reset_pipe_reg[1]/C
                            (rising edge-triggered cell FDPE clocked by trainer_1khz  {rise@0.000ns fall@500000.031ns period=1000000.000ns})
  Destination:            inputs/count_reg[4]/CLR
                            (recovery check against rising-edge clock trainer_1khz  {rise@0.000ns fall@500000.031ns period=1000000.000ns})
  Path Group:             **async_default**
  Path Type:              Recovery (Max at Slow Process Corner)
  Requirement:            1000000.062ns  (trainer_1khz rise@1000000.062ns - trainer_1khz rise@0.000ns)
  Data Path Delay:        0.920ns  (logic 0.419ns (45.550%)  route 0.501ns (54.450%))
  Logic Levels:           0  
  Clock Path Skew:        -0.022ns (DCD - SCD + CPR)
    Destination Clock Delay (DCD):    5.285ns = ( 1000005.375 - 1000000.062 ) 
    Source Clock Delay      (SCD):    5.597ns
    Clock Pessimism Removal (CPR):    0.290ns
  Clock Uncertainty:      0.035ns  ((TSJ^2 + TIJ^2)^1/2 + DJ) / 2 + PE
    Total System Jitter     (TSJ):    0.071ns
    Total Input Jitter      (TIJ):    0.000ns
    Discrete Jitter          (DJ):    0.000ns
    Phase Error              (PE):    0.000ns

    Location             Delay type                Incr(ns)  Path(ns)    Netlist Resource(s)
  -------------------------------------------------------------------    -------------------
                         (clock trainer_1khz rise edge)
                                                      0.000     0.000 r  <hidden>
    B6                                                0.000     0.000 r  clk
                         net (fo=0)                   0.000     0.000    clk
    B6                   IBUF (Prop_ibuf_I_O)         1.500     1.500 r  clk_IBUF_inst/O
                         net (fo=1, routed)           2.315     3.815    clk_IBUF
    BUFGCTRL_X0Y16       BUFG (Prop_bufg_I_O)         0.096     3.911 r  clk_IBUF_BUFG_inst/O
                         net (fo=17, routed)          1.686     5.597    inputs/CLK
    SLICE_X85Y121        FDPE                                         r  inputs/reset_pipe_reg[1]/C
  -------------------------------------------------------------------    -------------------
    SLICE_X85Y121        FDPE (Prop_fdpe_C_Q)         0.419     6.016 f  inputs/reset_pipe_reg[1]/Q
                         net (fo=15, routed)          0.501     6.517    inputs/reset_pipe[1]
    SLICE_X83Y120        FDCE                                         f  inputs/count_reg[4]/CLR
  -------------------------------------------------------------------    -------------------

                         (clock trainer_1khz rise edge)
                                                  1000000.062 1000000.062 r  <hidden>
    B6                                                0.000 1000000.062 r  clk
                         net (fo=0)                   0.000 1000000.062    clk
    B6                   IBUF (Prop_ibuf_I_O)         1.429 1000001.500 r  clk_IBUF_inst/O
                         net (fo=1, routed)           2.196 1000003.688    clk_IBUF
    BUFGCTRL_X0Y16       BUFG (Prop_bufg_I_O)         0.091 1000003.750 r  clk_IBUF_BUFG_inst/O
                         net (fo=17, routed)          1.569 1000005.312    inputs/CLK
    SLICE_X83Y120        FDCE                                         r  inputs/count_reg[4]/C
                         clock pessimism              0.290 1000005.625    <hidden>
                         clock uncertainty           -0.035 1000005.562    <hidden>
    SLICE_X83Y120        FDCE (Recov_fdce_C_CLR)     -0.580 1000005.000    inputs/count_reg[4]
  -------------------------------------------------------------------
                         required time                      1000004.938    <hidden>
                         arrival time                          -6.517    <hidden>
  -------------------------------------------------------------------
                         slack                              999998.438    <hidden>

Slack (MET) :             999998.438ns  (required time - arrival time)
  Source:                 inputs/reset_pipe_reg[1]/C
                            (rising edge-triggered cell FDPE clocked by trainer_1khz  {rise@0.000ns fall@500000.031ns period=1000000.000ns})
  Destination:            inputs/press_reg/CLR
                            (recovery check against rising-edge clock trainer_1khz  {rise@0.000ns fall@500000.031ns period=1000000.000ns})
  Path Group:             **async_default**
  Path Type:              Recovery (Max at Slow Process Corner)
  Requirement:            1000000.062ns  (trainer_1khz rise@1000000.062ns - trainer_1khz rise@0.000ns)
  Data Path Delay:        0.920ns  (logic 0.419ns (45.550%)  route 0.501ns (54.450%))
  Logic Levels:           0  
  Clock Path Skew:        -0.022ns (DCD - SCD + CPR)
    Destination Clock Delay (DCD):    5.285ns = ( 1000005.375 - 1000000.062 ) 
    Source Clock Delay      (SCD):    5.597ns
    Clock Pessimism Removal (CPR):    0.290ns
  Clock Uncertainty:      0.035ns  ((TSJ^2 + TIJ^2)^1/2 + DJ) / 2 + PE
    Total System Jitter     (TSJ):    0.071ns
    Total Input Jitter      (TIJ):    0.000ns
    Discrete Jitter          (DJ):    0.000ns
    Phase Error              (PE):    0.000ns

    Location             Delay type                Incr(ns)  Path(ns)    Netlist Resource(s)
  -------------------------------------------------------------------    -------------------
                         (clock trainer_1khz rise edge)
                                                      0.000     0.000 r  <hidden>
    B6                                                0.000     0.000 r  clk
                         net (fo=0)                   0.000     0.000    clk
    B6                   IBUF (Prop_ibuf_I_O)         1.500     1.500 r  clk_IBUF_inst/O
                         net (fo=1, routed)           2.315     3.815    clk_IBUF
    BUFGCTRL_X0Y16       BUFG (Prop_bufg_I_O)         0.096     3.911 r  clk_IBUF_BUFG_inst/O
                         net (fo=17, routed)          1.686     5.597    inputs/CLK
    SLICE_X85Y121        FDPE                                         r  inputs/reset_pipe_reg[1]/C
  -------------------------------------------------------------------    -------------------
    SLICE_X85Y121        FDPE (Prop_fdpe_C_Q)         0.419     6.016 f  inputs/reset_pipe_reg[1]/Q
                         net (fo=15, routed)          0.501     6.517    inputs/reset_pipe[1]
    SLICE_X83Y120        FDCE                                         f  inputs/press_reg/CLR
  -------------------------------------------------------------------    -------------------

                         (clock trainer_1khz rise edge)
                                                  1000000.062 1000000.062 r  <hidden>
    B6                                                0.000 1000000.062 r  clk
                         net (fo=0)                   0.000 1000000.062    clk
    B6                   IBUF (Prop_ibuf_I_O)         1.429 1000001.500 r  clk_IBUF_inst/O
                         net (fo=1, routed)           2.196 1000003.688    clk_IBUF
    BUFGCTRL_X0Y16       BUFG (Prop_bufg_I_O)         0.091 1000003.750 r  clk_IBUF_BUFG_inst/O
                         net (fo=17, routed)          1.569 1000005.312    inputs/CLK
    SLICE_X83Y120        FDCE                                         r  inputs/press_reg/C
                         clock pessimism              0.290 1000005.625    <hidden>
                         clock uncertainty           -0.035 1000005.562    <hidden>
    SLICE_X83Y120        FDCE (Recov_fdce_C_CLR)     -0.580 1000005.000    inputs/press_reg
  -------------------------------------------------------------------
                         required time                      1000004.938    <hidden>
                         arrival time                          -6.517    <hidden>
  -------------------------------------------------------------------
                         slack                              999998.438    <hidden>

Slack (MET) :             999998.438ns  (required time - arrival time)
  Source:                 inputs/reset_pipe_reg[1]/C
                            (rising edge-triggered cell FDPE clocked by trainer_1khz  {rise@0.000ns fall@500000.031ns period=1000000.000ns})
  Destination:            inputs/sw_sync_reg[0]/CLR
                            (recovery check against rising-edge clock trainer_1khz  {rise@0.000ns fall@500000.031ns period=1000000.000ns})
  Path Group:             **async_default**
  Path Type:              Recovery (Max at Slow Process Corner)
  Requirement:            1000000.062ns  (trainer_1khz rise@1000000.062ns - trainer_1khz rise@0.000ns)
  Data Path Delay:        0.945ns  (logic 0.419ns (44.320%)  route 0.526ns (55.680%))
  Logic Levels:           0  
  Clock Path Skew:        -0.022ns (DCD - SCD + CPR)
    Destination Clock Delay (DCD):    5.285ns = ( 1000005.375 - 1000000.062 ) 
    Source Clock Delay      (SCD):    5.597ns
    Clock Pessimism Removal (CPR):    0.290ns
  Clock Uncertainty:      0.035ns  ((TSJ^2 + TIJ^2)^1/2 + DJ) / 2 + PE
    Total System Jitter     (TSJ):    0.071ns
    Total Input Jitter      (TIJ):    0.000ns
    Discrete Jitter          (DJ):    0.000ns
    Phase Error              (PE):    0.000ns

    Location             Delay type                Incr(ns)  Path(ns)    Netlist Resource(s)
  -------------------------------------------------------------------    -------------------
                         (clock trainer_1khz rise edge)
                                                      0.000     0.000 r  <hidden>
    B6                                                0.000     0.000 r  clk
                         net (fo=0)                   0.000     0.000    clk
    B6                   IBUF (Prop_ibuf_I_O)         1.500     1.500 r  clk_IBUF_inst/O
                         net (fo=1, routed)           2.315     3.815    clk_IBUF
    BUFGCTRL_X0Y16       BUFG (Prop_bufg_I_O)         0.096     3.911 r  clk_IBUF_BUFG_inst/O
                         net (fo=17, routed)          1.686     5.597    inputs/CLK
    SLICE_X85Y121        FDPE                                         r  inputs/reset_pipe_reg[1]/C
  -------------------------------------------------------------------    -------------------
    SLICE_X85Y121        FDPE (Prop_fdpe_C_Q)         0.419     6.016 f  inputs/reset_pipe_reg[1]/Q
                         net (fo=15, routed)          0.526     6.543    inputs/reset_pipe[1]
    SLICE_X84Y120        FDCE                                         f  inputs/sw_sync_reg[0]/CLR
  -------------------------------------------------------------------    -------------------

                         (clock trainer_1khz rise edge)
                                                  1000000.062 1000000.062 r  <hidden>
    B6                                                0.000 1000000.062 r  clk
                         net (fo=0)                   0.000 1000000.062    clk
    B6                   IBUF (Prop_ibuf_I_O)         1.429 1000001.500 r  clk_IBUF_inst/O
                         net (fo=1, routed)           2.196 1000003.688    clk_IBUF
    BUFGCTRL_X0Y16       BUFG (Prop_bufg_I_O)         0.091 1000003.750 r  clk_IBUF_BUFG_inst/O
                         net (fo=17, routed)          1.569 1000005.312    inputs/CLK
    SLICE_X84Y120        FDCE                                         r  inputs/sw_sync_reg[0]/C
                         clock pessimism              0.290 1000005.625    <hidden>
                         clock uncertainty           -0.035 1000005.562    <hidden>
    SLICE_X84Y120        FDCE (Recov_fdce_C_CLR)     -0.536 1000005.000    inputs/sw_sync_reg[0]
  -------------------------------------------------------------------
                         required time                      1000004.938    <hidden>
                         arrival time                          -6.543    <hidden>
  -------------------------------------------------------------------
                         slack                              999998.438    <hidden>

Slack (MET) :             999998.562ns  (required time - arrival time)
  Source:                 inputs/reset_pipe_reg[1]/C
                            (rising edge-triggered cell FDPE clocked by trainer_1khz  {rise@0.000ns fall@500000.031ns period=1000000.000ns})
  Destination:            inputs/accepted_reg/CLR
                            (recovery check against rising-edge clock trainer_1khz  {rise@0.000ns fall@500000.031ns period=1000000.000ns})
  Path Group:             **async_default**
  Path Type:              Recovery (Max at Slow Process Corner)
  Requirement:            1000000.062ns  (trainer_1khz rise@1000000.062ns - trainer_1khz rise@0.000ns)
  Data Path Delay:        0.977ns  (logic 0.419ns (42.882%)  route 0.558ns (57.118%))
  Logic Levels:           0  
  Clock Path Skew:        -0.022ns (DCD - SCD + CPR)
    Destination Clock Delay (DCD):    5.285ns = ( 1000005.375 - 1000000.062 ) 
    Source Clock Delay      (SCD):    5.597ns
    Clock Pessimism Removal (CPR):    0.290ns
  Clock Uncertainty:      0.035ns  ((TSJ^2 + TIJ^2)^1/2 + DJ) / 2 + PE
    Total System Jitter     (TSJ):    0.071ns
    Total Input Jitter      (TIJ):    0.000ns
    Discrete Jitter          (DJ):    0.000ns
    Phase Error              (PE):    0.000ns

    Location             Delay type                Incr(ns)  Path(ns)    Netlist Resource(s)
  -------------------------------------------------------------------    -------------------
                         (clock trainer_1khz rise edge)
                                                      0.000     0.000 r  <hidden>
    B6                                                0.000     0.000 r  clk
                         net (fo=0)                   0.000     0.000    clk
    B6                   IBUF (Prop_ibuf_I_O)         1.500     1.500 r  clk_IBUF_inst/O
                         net (fo=1, routed)           2.315     3.815    clk_IBUF
    BUFGCTRL_X0Y16       BUFG (Prop_bufg_I_O)         0.096     3.911 r  clk_IBUF_BUFG_inst/O
                         net (fo=17, routed)          1.686     5.597    inputs/CLK
    SLICE_X85Y121        FDPE                                         r  inputs/reset_pipe_reg[1]/C
  -------------------------------------------------------------------    -------------------
    SLICE_X85Y121        FDPE (Prop_fdpe_C_Q)         0.419     6.016 f  inputs/reset_pipe_reg[1]/Q
                         net (fo=15, routed)          0.558     6.574    inputs/reset_pipe[1]
    SLICE_X84Y119        FDCE                                         f  inputs/accepted_reg/CLR
  -------------------------------------------------------------------    -------------------

                         (clock trainer_1khz rise edge)
                                                  1000000.062 1000000.062 r  <hidden>
    B6                                                0.000 1000000.062 r  clk
                         net (fo=0)                   0.000 1000000.062    clk
    B6                   IBUF (Prop_ibuf_I_O)         1.429 1000001.500 r  clk_IBUF_inst/O
                         net (fo=1, routed)           2.196 1000003.688    clk_IBUF
    BUFGCTRL_X0Y16       BUFG (Prop_bufg_I_O)         0.091 1000003.750 r  clk_IBUF_BUFG_inst/O
                         net (fo=17, routed)          1.569 1000005.312    inputs/CLK
    SLICE_X84Y119        FDCE                                         r  inputs/accepted_reg/C
                         clock pessimism              0.290 1000005.625    <hidden>
                         clock uncertainty           -0.035 1000005.562    <hidden>
    SLICE_X84Y119        FDCE (Recov_fdce_C_CLR)     -0.494 1000005.062    inputs/accepted_reg
  -------------------------------------------------------------------
                         required time                      1000005.062    <hidden>
                         arrival time                          -6.574    <hidden>
  -------------------------------------------------------------------
                         slack                              999998.562    <hidden>

Slack (MET) :             999998.562ns  (required time - arrival time)
  Source:                 inputs/reset_pipe_reg[1]/C
                            (rising edge-triggered cell FDPE clocked by trainer_1khz  {rise@0.000ns fall@500000.031ns period=1000000.000ns})
  Destination:            inputs/button_meta_reg/CLR
                            (recovery check against rising-edge clock trainer_1khz  {rise@0.000ns fall@500000.031ns period=1000000.000ns})
  Path Group:             **async_default**
  Path Type:              Recovery (Max at Slow Process Corner)
  Requirement:            1000000.062ns  (trainer_1khz rise@1000000.062ns - trainer_1khz rise@0.000ns)
  Data Path Delay:        0.945ns  (logic 0.419ns (44.320%)  route 0.526ns (55.680%))
  Logic Levels:           0  
  Clock Path Skew:        -0.022ns (DCD - SCD + CPR)
    Destination Clock Delay (DCD):    5.285ns = ( 1000005.375 - 1000000.062 ) 
    Source Clock Delay      (SCD):    5.597ns
    Clock Pessimism Removal (CPR):    0.290ns
  Clock Uncertainty:      0.035ns  ((TSJ^2 + TIJ^2)^1/2 + DJ) / 2 + PE
    Total System Jitter     (TSJ):    0.071ns
    Total Input Jitter      (TIJ):    0.000ns
    Discrete Jitter          (DJ):    0.000ns
    Phase Error              (PE):    0.000ns

    Location             Delay type                Incr(ns)  Path(ns)    Netlist Resource(s)
  -------------------------------------------------------------------    -------------------
                         (clock trainer_1khz rise edge)
                                                      0.000     0.000 r  <hidden>
    B6                                                0.000     0.000 r  clk
                         net (fo=0)                   0.000     0.000    clk
    B6                   IBUF (Prop_ibuf_I_O)         1.500     1.500 r  clk_IBUF_inst/O
                         net (fo=1, routed)           2.315     3.815    clk_IBUF
    BUFGCTRL_X0Y16       BUFG (Prop_bufg_I_O)         0.096     3.911 r  clk_IBUF_BUFG_inst/O
                         net (fo=17, routed)          1.686     5.597    inputs/CLK
    SLICE_X85Y121        FDPE                                         r  inputs/reset_pipe_reg[1]/C
  -------------------------------------------------------------------    -------------------
    SLICE_X85Y121        FDPE (Prop_fdpe_C_Q)         0.419     6.016 f  inputs/reset_pipe_reg[1]/Q
                         net (fo=15, routed)          0.526     6.543    inputs/reset_pipe[1]
    SLICE_X84Y120        FDCE                                         f  inputs/button_meta_reg/CLR
  -------------------------------------------------------------------    -------------------

                         (clock trainer_1khz rise edge)
                                                  1000000.062 1000000.062 r  <hidden>
    B6                                                0.000 1000000.062 r  clk
                         net (fo=0)                   0.000 1000000.062    clk
    B6                   IBUF (Prop_ibuf_I_O)         1.429 1000001.500 r  clk_IBUF_inst/O
                         net (fo=1, routed)           2.196 1000003.688    clk_IBUF
    BUFGCTRL_X0Y16       BUFG (Prop_bufg_I_O)         0.091 1000003.750 r  clk_IBUF_BUFG_inst/O
                         net (fo=17, routed)          1.569 1000005.312    inputs/CLK
    SLICE_X84Y120        FDCE                                         r  inputs/button_meta_reg/C
                         clock pessimism              0.290 1000005.625    <hidden>
                         clock uncertainty           -0.035 1000005.562    <hidden>
    SLICE_X84Y120        FDCE (Recov_fdce_C_CLR)     -0.494 1000005.062    inputs/button_meta_reg
  -------------------------------------------------------------------
                         required time                      1000005.062    <hidden>
                         arrival time                          -6.543    <hidden>
  -------------------------------------------------------------------
                         slack                              999998.562    <hidden>

Slack (MET) :             999998.562ns  (required time - arrival time)
  Source:                 inputs/reset_pipe_reg[1]/C
                            (rising edge-triggered cell FDPE clocked by trainer_1khz  {rise@0.000ns fall@500000.031ns period=1000000.000ns})
  Destination:            inputs/count_reg[1]/CLR
                            (recovery check against rising-edge clock trainer_1khz  {rise@0.000ns fall@500000.031ns period=1000000.000ns})
  Path Group:             **async_default**
  Path Type:              Recovery (Max at Slow Process Corner)
  Requirement:            1000000.062ns  (trainer_1khz rise@1000000.062ns - trainer_1khz rise@0.000ns)
  Data Path Delay:        0.977ns  (logic 0.419ns (42.882%)  route 0.558ns (57.118%))
  Logic Levels:           0  
  Clock Path Skew:        -0.022ns (DCD - SCD + CPR)
    Destination Clock Delay (DCD):    5.285ns = ( 1000005.375 - 1000000.062 ) 
    Source Clock Delay      (SCD):    5.597ns
    Clock Pessimism Removal (CPR):    0.290ns
  Clock Uncertainty:      0.035ns  ((TSJ^2 + TIJ^2)^1/2 + DJ) / 2 + PE
    Total System Jitter     (TSJ):    0.071ns
    Total Input Jitter      (TIJ):    0.000ns
    Discrete Jitter          (DJ):    0.000ns
    Phase Error              (PE):    0.000ns

    Location             Delay type                Incr(ns)  Path(ns)    Netlist Resource(s)
  -------------------------------------------------------------------    -------------------
                         (clock trainer_1khz rise edge)
                                                      0.000     0.000 r  <hidden>
    B6                                                0.000     0.000 r  clk
                         net (fo=0)                   0.000     0.000    clk
    B6                   IBUF (Prop_ibuf_I_O)         1.500     1.500 r  clk_IBUF_inst/O
                         net (fo=1, routed)           2.315     3.815    clk_IBUF
    BUFGCTRL_X0Y16       BUFG (Prop_bufg_I_O)         0.096     3.911 r  clk_IBUF_BUFG_inst/O
                         net (fo=17, routed)          1.686     5.597    inputs/CLK
    SLICE_X85Y121        FDPE                                         r  inputs/reset_pipe_reg[1]/C
  -------------------------------------------------------------------    -------------------
    SLICE_X85Y121        FDPE (Prop_fdpe_C_Q)         0.419     6.016 f  inputs/reset_pipe_reg[1]/Q
                         net (fo=15, routed)          0.558     6.574    inputs/reset_pipe[1]
    SLICE_X84Y119        FDCE                                         f  inputs/count_reg[1]/CLR
  -------------------------------------------------------------------    -------------------

                         (clock trainer_1khz rise edge)
                                                  1000000.062 1000000.062 r  <hidden>
    B6                                                0.000 1000000.062 r  clk
                         net (fo=0)                   0.000 1000000.062    clk
    B6                   IBUF (Prop_ibuf_I_O)         1.429 1000001.500 r  clk_IBUF_inst/O
                         net (fo=1, routed)           2.196 1000003.688    clk_IBUF
    BUFGCTRL_X0Y16       BUFG (Prop_bufg_I_O)         0.091 1000003.750 r  clk_IBUF_BUFG_inst/O
                         net (fo=17, routed)          1.569 1000005.312    inputs/CLK
    SLICE_X84Y119        FDCE                                         r  inputs/count_reg[1]/C
                         clock pessimism              0.290 1000005.625    <hidden>
                         clock uncertainty           -0.035 1000005.562    <hidden>
    SLICE_X84Y119        FDCE (Recov_fdce_C_CLR)     -0.494 1000005.062    inputs/count_reg[1]
  -------------------------------------------------------------------
                         required time                      1000005.062    <hidden>
                         arrival time                          -6.574    <hidden>
  -------------------------------------------------------------------
                         slack                              999998.562    <hidden>





Min Delay Paths
--------------------------------------------------------------------------------------
Slack (MET) :             0.439ns  (arrival time - required time)
  Source:                 inputs/reset_pipe_reg[1]/C
                            (rising edge-triggered cell FDPE clocked by trainer_1khz  {rise@0.000ns fall@500000.031ns period=1000000.000ns})
  Destination:            inputs/count_reg[0]/CLR
                            (removal check against rising-edge clock trainer_1khz  {rise@0.000ns fall@500000.031ns period=1000000.000ns})
  Path Group:             **async_default**
  Path Type:              Removal (Min at Fast Process Corner)
  Requirement:            0.000ns  (trainer_1khz rise@0.000ns - trainer_1khz rise@0.000ns)
  Data Path Delay:        0.308ns  (logic 0.128ns (41.577%)  route 0.180ns (58.423%))
  Logic Levels:           0  
  Clock Path Skew:        0.015ns (DCD - SCD - CPR)
    Destination Clock Delay (DCD):    2.211ns
    Source Clock Delay      (SCD):    1.686ns
    Clock Pessimism Removal (CPR):    0.510ns

    Location             Delay type                Incr(ns)  Path(ns)    Netlist Resource(s)
  -------------------------------------------------------------------    -------------------
                         (clock trainer_1khz rise edge)
                                                      0.000     0.000 r  <hidden>
    B6                                                0.000     0.000 r  clk
                         net (fo=0)                   0.000     0.000    clk
    B6                   IBUF (Prop_ibuf_I_O)         0.268     0.268 r  clk_IBUF_inst/O
                         net (fo=1, routed)           0.808     1.075    clk_IBUF
    BUFGCTRL_X0Y16       BUFG (Prop_bufg_I_O)         0.026     1.101 r  clk_IBUF_BUFG_inst/O
                         net (fo=17, routed)          0.585     1.686    inputs/CLK
    SLICE_X85Y121        FDPE                                         r  inputs/reset_pipe_reg[1]/C
  -------------------------------------------------------------------    -------------------
    SLICE_X85Y121        FDPE (Prop_fdpe_C_Q)         0.128     1.814 f  inputs/reset_pipe_reg[1]/Q
                         net (fo=15, routed)          0.180     1.994    inputs/reset_pipe[1]
    SLICE_X83Y120        FDCE                                         f  inputs/count_reg[0]/CLR
  -------------------------------------------------------------------    -------------------

                         (clock trainer_1khz rise edge)
                                                      0.000     0.000 r  <hidden>
    B6                                                0.000     0.000 r  clk
                         net (fo=0)                   0.000     0.000    clk
    B6                   IBUF (Prop_ibuf_I_O)         0.456     0.456 r  clk_IBUF_inst/O
                         net (fo=1, routed)           0.871     1.327    clk_IBUF
    BUFGCTRL_X0Y16       BUFG (Prop_bufg_I_O)         0.029     1.356 r  clk_IBUF_BUFG_inst/O
                         net (fo=17, routed)          0.855     2.211    inputs/CLK
    SLICE_X83Y120        FDCE                                         r  inputs/count_reg[0]/C
                         clock pessimism             -0.510     1.701    <hidden>
    SLICE_X83Y120        FDCE (Remov_fdce_C_CLR)     -0.146     1.555    inputs/count_reg[0]
  -------------------------------------------------------------------
                         required time                         -1.555    <hidden>
                         arrival time                           1.994    <hidden>
  -------------------------------------------------------------------
                         slack                                  0.439    <hidden>

Slack (MET) :             0.439ns  (arrival time - required time)
  Source:                 inputs/reset_pipe_reg[1]/C
                            (rising edge-triggered cell FDPE clocked by trainer_1khz  {rise@0.000ns fall@500000.031ns period=1000000.000ns})
  Destination:            inputs/count_reg[4]/CLR
                            (removal check against rising-edge clock trainer_1khz  {rise@0.000ns fall@500000.031ns period=1000000.000ns})
  Path Group:             **async_default**
  Path Type:              Removal (Min at Fast Process Corner)
  Requirement:            0.000ns  (trainer_1khz rise@0.000ns - trainer_1khz rise@0.000ns)
  Data Path Delay:        0.308ns  (logic 0.128ns (41.577%)  route 0.180ns (58.423%))
  Logic Levels:           0  
  Clock Path Skew:        0.015ns (DCD - SCD - CPR)
    Destination Clock Delay (DCD):    2.211ns
    Source Clock Delay      (SCD):    1.686ns
    Clock Pessimism Removal (CPR):    0.510ns

    Location             Delay type                Incr(ns)  Path(ns)    Netlist Resource(s)
  -------------------------------------------------------------------    -------------------
                         (clock trainer_1khz rise edge)
                                                      0.000     0.000 r  <hidden>
    B6                                                0.000     0.000 r  clk
                         net (fo=0)                   0.000     0.000    clk
    B6                   IBUF (Prop_ibuf_I_O)         0.268     0.268 r  clk_IBUF_inst/O
                         net (fo=1, routed)           0.808     1.075    clk_IBUF
    BUFGCTRL_X0Y16       BUFG (Prop_bufg_I_O)         0.026     1.101 r  clk_IBUF_BUFG_inst/O
                         net (fo=17, routed)          0.585     1.686    inputs/CLK
    SLICE_X85Y121        FDPE                                         r  inputs/reset_pipe_reg[1]/C
  -------------------------------------------------------------------    -------------------
    SLICE_X85Y121        FDPE (Prop_fdpe_C_Q)         0.128     1.814 f  inputs/reset_pipe_reg[1]/Q
                         net (fo=15, routed)          0.180     1.994    inputs/reset_pipe[1]
    SLICE_X83Y120        FDCE                                         f  inputs/count_reg[4]/CLR
  -------------------------------------------------------------------    -------------------

                         (clock trainer_1khz rise edge)
                                                      0.000     0.000 r  <hidden>
    B6                                                0.000     0.000 r  clk
                         net (fo=0)                   0.000     0.000    clk
    B6                   IBUF (Prop_ibuf_I_O)         0.456     0.456 r  clk_IBUF_inst/O
                         net (fo=1, routed)           0.871     1.327    clk_IBUF
    BUFGCTRL_X0Y16       BUFG (Prop_bufg_I_O)         0.029     1.356 r  clk_IBUF_BUFG_inst/O
                         net (fo=17, routed)          0.855     2.211    inputs/CLK
    SLICE_X83Y120        FDCE                                         r  inputs/count_reg[4]/C
                         clock pessimism             -0.510     1.701    <hidden>
    SLICE_X83Y120        FDCE (Remov_fdce_C_CLR)     -0.146     1.555    inputs/count_reg[4]
  -------------------------------------------------------------------
                         required time                         -1.555    <hidden>
                         arrival time                           1.994    <hidden>
  -------------------------------------------------------------------
                         slack                                  0.439    <hidden>

Slack (MET) :             0.439ns  (arrival time - required time)
  Source:                 inputs/reset_pipe_reg[1]/C
                            (rising edge-triggered cell FDPE clocked by trainer_1khz  {rise@0.000ns fall@500000.031ns period=1000000.000ns})
  Destination:            inputs/press_reg/CLR
                            (removal check against rising-edge clock trainer_1khz  {rise@0.000ns fall@500000.031ns period=1000000.000ns})
  Path Group:             **async_default**
  Path Type:              Removal (Min at Fast Process Corner)
  Requirement:            0.000ns  (trainer_1khz rise@0.000ns - trainer_1khz rise@0.000ns)
  Data Path Delay:        0.308ns  (logic 0.128ns (41.577%)  route 0.180ns (58.423%))
  Logic Levels:           0  
  Clock Path Skew:        0.015ns (DCD - SCD - CPR)
    Destination Clock Delay (DCD):    2.211ns
    Source Clock Delay      (SCD):    1.686ns
    Clock Pessimism Removal (CPR):    0.510ns

    Location             Delay type                Incr(ns)  Path(ns)    Netlist Resource(s)
  -------------------------------------------------------------------    -------------------
                         (clock trainer_1khz rise edge)
                                                      0.000     0.000 r  <hidden>
    B6                                                0.000     0.000 r  clk
                         net (fo=0)                   0.000     0.000    clk
    B6                   IBUF (Prop_ibuf_I_O)         0.268     0.268 r  clk_IBUF_inst/O
                         net (fo=1, routed)           0.808     1.075    clk_IBUF
    BUFGCTRL_X0Y16       BUFG (Prop_bufg_I_O)         0.026     1.101 r  clk_IBUF_BUFG_inst/O
                         net (fo=17, routed)          0.585     1.686    inputs/CLK
    SLICE_X85Y121        FDPE                                         r  inputs/reset_pipe_reg[1]/C
  -------------------------------------------------------------------    -------------------
    SLICE_X85Y121        FDPE (Prop_fdpe_C_Q)         0.128     1.814 f  inputs/reset_pipe_reg[1]/Q
                         net (fo=15, routed)          0.180     1.994    inputs/reset_pipe[1]
    SLICE_X83Y120        FDCE                                         f  inputs/press_reg/CLR
  -------------------------------------------------------------------    -------------------

                         (clock trainer_1khz rise edge)
                                                      0.000     0.000 r  <hidden>
    B6                                                0.000     0.000 r  clk
                         net (fo=0)                   0.000     0.000    clk
    B6                   IBUF (Prop_ibuf_I_O)         0.456     0.456 r  clk_IBUF_inst/O
                         net (fo=1, routed)           0.871     1.327    clk_IBUF
    BUFGCTRL_X0Y16       BUFG (Prop_bufg_I_O)         0.029     1.356 r  clk_IBUF_BUFG_inst/O
                         net (fo=17, routed)          0.855     2.211    inputs/CLK
    SLICE_X83Y120        FDCE                                         r  inputs/press_reg/C
                         clock pessimism             -0.510     1.701    <hidden>
    SLICE_X83Y120        FDCE (Remov_fdce_C_CLR)     -0.146     1.555    inputs/press_reg
  -------------------------------------------------------------------
                         required time                         -1.555    <hidden>
                         arrival time                           1.994    <hidden>
  -------------------------------------------------------------------
                         slack                                  0.439    <hidden>

Slack (MET) :             0.441ns  (arrival time - required time)
  Source:                 inputs/reset_pipe_reg[1]/C
                            (rising edge-triggered cell FDPE clocked by trainer_1khz  {rise@0.000ns fall@500000.031ns period=1000000.000ns})
  Destination:            inputs/accepted_reg/CLR
                            (removal check against rising-edge clock trainer_1khz  {rise@0.000ns fall@500000.031ns period=1000000.000ns})
  Path Group:             **async_default**
  Path Type:              Removal (Min at Fast Process Corner)
  Requirement:            0.000ns  (trainer_1khz rise@0.000ns - trainer_1khz rise@0.000ns)
  Data Path Delay:        0.336ns  (logic 0.128ns (38.083%)  route 0.208ns (61.917%))
  Logic Levels:           0  
  Clock Path Skew:        0.016ns (DCD - SCD - CPR)
    Destination Clock Delay (DCD):    2.212ns
    Source Clock Delay      (SCD):    1.686ns
    Clock Pessimism Removal (CPR):    0.510ns

    Location             Delay type                Incr(ns)  Path(ns)    Netlist Resource(s)
  -------------------------------------------------------------------    -------------------
                         (clock trainer_1khz rise edge)
                                                      0.000     0.000 r  <hidden>
    B6                                                0.000     0.000 r  clk
                         net (fo=0)                   0.000     0.000    clk
    B6                   IBUF (Prop_ibuf_I_O)         0.268     0.268 r  clk_IBUF_inst/O
                         net (fo=1, routed)           0.808     1.075    clk_IBUF
    BUFGCTRL_X0Y16       BUFG (Prop_bufg_I_O)         0.026     1.101 r  clk_IBUF_BUFG_inst/O
                         net (fo=17, routed)          0.585     1.686    inputs/CLK
    SLICE_X85Y121        FDPE                                         r  inputs/reset_pipe_reg[1]/C
  -------------------------------------------------------------------    -------------------
    SLICE_X85Y121        FDPE (Prop_fdpe_C_Q)         0.128     1.814 f  inputs/reset_pipe_reg[1]/Q
                         net (fo=15, routed)          0.208     2.022    inputs/reset_pipe[1]
    SLICE_X84Y119        FDCE                                         f  inputs/accepted_reg/CLR
  -------------------------------------------------------------------    -------------------

                         (clock trainer_1khz rise edge)
                                                      0.000     0.000 r  <hidden>
    B6                                                0.000     0.000 r  clk
                         net (fo=0)                   0.000     0.000    clk
    B6                   IBUF (Prop_ibuf_I_O)         0.456     0.456 r  clk_IBUF_inst/O
                         net (fo=1, routed)           0.871     1.327    clk_IBUF
    BUFGCTRL_X0Y16       BUFG (Prop_bufg_I_O)         0.029     1.356 r  clk_IBUF_BUFG_inst/O
                         net (fo=17, routed)          0.856     2.212    inputs/CLK
    SLICE_X84Y119        FDCE                                         r  inputs/accepted_reg/C
                         clock pessimism             -0.510     1.702    <hidden>
    SLICE_X84Y119        FDCE (Remov_fdce_C_CLR)     -0.121     1.581    inputs/accepted_reg
  -------------------------------------------------------------------
                         required time                         -1.581    <hidden>
                         arrival time                           2.022    <hidden>
  -------------------------------------------------------------------
                         slack                                  0.441    <hidden>

Slack (MET) :             0.441ns  (arrival time - required time)
  Source:                 inputs/reset_pipe_reg[1]/C
                            (rising edge-triggered cell FDPE clocked by trainer_1khz  {rise@0.000ns fall@500000.031ns period=1000000.000ns})
  Destination:            inputs/count_reg[1]/CLR
                            (removal check against rising-edge clock trainer_1khz  {rise@0.000ns fall@500000.031ns period=1000000.000ns})
  Path Group:             **async_default**
  Path Type:              Removal (Min at Fast Process Corner)
  Requirement:            0.000ns  (trainer_1khz rise@0.000ns - trainer_1khz rise@0.000ns)
  Data Path Delay:        0.336ns  (logic 0.128ns (38.083%)  route 0.208ns (61.917%))
  Logic Levels:           0  
  Clock Path Skew:        0.016ns (DCD - SCD - CPR)
    Destination Clock Delay (DCD):    2.212ns
    Source Clock Delay      (SCD):    1.686ns
    Clock Pessimism Removal (CPR):    0.510ns

    Location             Delay type                Incr(ns)  Path(ns)    Netlist Resource(s)
  -------------------------------------------------------------------    -------------------
                         (clock trainer_1khz rise edge)
                                                      0.000     0.000 r  <hidden>
    B6                                                0.000     0.000 r  clk
                         net (fo=0)                   0.000     0.000    clk
    B6                   IBUF (Prop_ibuf_I_O)         0.268     0.268 r  clk_IBUF_inst/O
                         net (fo=1, routed)           0.808     1.075    clk_IBUF
    BUFGCTRL_X0Y16       BUFG (Prop_bufg_I_O)         0.026     1.101 r  clk_IBUF_BUFG_inst/O
                         net (fo=17, routed)          0.585     1.686    inputs/CLK
    SLICE_X85Y121        FDPE                                         r  inputs/reset_pipe_reg[1]/C
  -------------------------------------------------------------------    -------------------
    SLICE_X85Y121        FDPE (Prop_fdpe_C_Q)         0.128     1.814 f  inputs/reset_pipe_reg[1]/Q
                         net (fo=15, routed)          0.208     2.022    inputs/reset_pipe[1]
    SLICE_X84Y119        FDCE                                         f  inputs/count_reg[1]/CLR
  -------------------------------------------------------------------    -------------------

                         (clock trainer_1khz rise edge)
                                                      0.000     0.000 r  <hidden>
    B6                                                0.000     0.000 r  clk
                         net (fo=0)                   0.000     0.000    clk
    B6                   IBUF (Prop_ibuf_I_O)         0.456     0.456 r  clk_IBUF_inst/O
                         net (fo=1, routed)           0.871     1.327    clk_IBUF
    BUFGCTRL_X0Y16       BUFG (Prop_bufg_I_O)         0.029     1.356 r  clk_IBUF_BUFG_inst/O
                         net (fo=17, routed)          0.856     2.212    inputs/CLK
    SLICE_X84Y119        FDCE                                         r  inputs/count_reg[1]/C
                         clock pessimism             -0.510     1.702    <hidden>
    SLICE_X84Y119        FDCE (Remov_fdce_C_CLR)     -0.121     1.581    inputs/count_reg[1]
  -------------------------------------------------------------------
                         required time                         -1.581    <hidden>
                         arrival time                           2.022    <hidden>
  -------------------------------------------------------------------
                         slack                                  0.441    <hidden>

Slack (MET) :             0.441ns  (arrival time - required time)
  Source:                 inputs/reset_pipe_reg[1]/C
                            (rising edge-triggered cell FDPE clocked by trainer_1khz  {rise@0.000ns fall@500000.031ns period=1000000.000ns})
  Destination:            inputs/count_reg[3]/CLR
                            (removal check against rising-edge clock trainer_1khz  {rise@0.000ns fall@500000.031ns period=1000000.000ns})
  Path Group:             **async_default**
  Path Type:              Removal (Min at Fast Process Corner)
  Requirement:            0.000ns  (trainer_1khz rise@0.000ns - trainer_1khz rise@0.000ns)
  Data Path Delay:        0.336ns  (logic 0.128ns (38.083%)  route 0.208ns (61.917%))
  Logic Levels:           0  
  Clock Path Skew:        0.016ns (DCD - SCD - CPR)
    Destination Clock Delay (DCD):    2.212ns
    Source Clock Delay      (SCD):    1.686ns
    Clock Pessimism Removal (CPR):    0.510ns

    Location             Delay type                Incr(ns)  Path(ns)    Netlist Resource(s)
  -------------------------------------------------------------------    -------------------
                         (clock trainer_1khz rise edge)
                                                      0.000     0.000 r  <hidden>
    B6                                                0.000     0.000 r  clk
                         net (fo=0)                   0.000     0.000    clk
    B6                   IBUF (Prop_ibuf_I_O)         0.268     0.268 r  clk_IBUF_inst/O
                         net (fo=1, routed)           0.808     1.075    clk_IBUF
    BUFGCTRL_X0Y16       BUFG (Prop_bufg_I_O)         0.026     1.101 r  clk_IBUF_BUFG_inst/O
                         net (fo=17, routed)          0.585     1.686    inputs/CLK
    SLICE_X85Y121        FDPE                                         r  inputs/reset_pipe_reg[1]/C
  -------------------------------------------------------------------    -------------------
    SLICE_X85Y121        FDPE (Prop_fdpe_C_Q)         0.128     1.814 f  inputs/reset_pipe_reg[1]/Q
                         net (fo=15, routed)          0.208     2.022    inputs/reset_pipe[1]
    SLICE_X84Y119        FDCE                                         f  inputs/count_reg[3]/CLR
  -------------------------------------------------------------------    -------------------

                         (clock trainer_1khz rise edge)
                                                      0.000     0.000 r  <hidden>
    B6                                                0.000     0.000 r  clk
                         net (fo=0)                   0.000     0.000    clk
    B6                   IBUF (Prop_ibuf_I_O)         0.456     0.456 r  clk_IBUF_inst/O
                         net (fo=1, routed)           0.871     1.327    clk_IBUF
    BUFGCTRL_X0Y16       BUFG (Prop_bufg_I_O)         0.029     1.356 r  clk_IBUF_BUFG_inst/O
                         net (fo=17, routed)          0.856     2.212    inputs/CLK
    SLICE_X84Y119        FDCE                                         r  inputs/count_reg[3]/C
                         clock pessimism             -0.510     1.702    <hidden>
    SLICE_X84Y119        FDCE (Remov_fdce_C_CLR)     -0.121     1.581    inputs/count_reg[3]
  -------------------------------------------------------------------
                         required time                         -1.581    <hidden>
                         arrival time                           2.022    <hidden>
  -------------------------------------------------------------------
                         slack                                  0.441    <hidden>

Slack (MET) :             0.454ns  (arrival time - required time)
  Source:                 inputs/reset_pipe_reg[1]/C
                            (rising edge-triggered cell FDPE clocked by trainer_1khz  {rise@0.000ns fall@500000.031ns period=1000000.000ns})
  Destination:            inputs/button_meta_reg/CLR
                            (removal check against rising-edge clock trainer_1khz  {rise@0.000ns fall@500000.031ns period=1000000.000ns})
  Path Group:             **async_default**
  Path Type:              Removal (Min at Fast Process Corner)
  Requirement:            0.000ns  (trainer_1khz rise@0.000ns - trainer_1khz rise@0.000ns)
  Data Path Delay:        0.348ns  (logic 0.128ns (36.740%)  route 0.220ns (63.260%))
  Logic Levels:           0  
  Clock Path Skew:        0.015ns (DCD - SCD - CPR)
    Destination Clock Delay (DCD):    2.211ns
    Source Clock Delay      (SCD):    1.686ns
    Clock Pessimism Removal (CPR):    0.510ns

    Location             Delay type                Incr(ns)  Path(ns)    Netlist Resource(s)
  -------------------------------------------------------------------    -------------------
                         (clock trainer_1khz rise edge)
                                                      0.000     0.000 r  <hidden>
    B6                                                0.000     0.000 r  clk
                         net (fo=0)                   0.000     0.000    clk
    B6                   IBUF (Prop_ibuf_I_O)         0.268     0.268 r  clk_IBUF_inst/O
                         net (fo=1, routed)           0.808     1.075    clk_IBUF
    BUFGCTRL_X0Y16       BUFG (Prop_bufg_I_O)         0.026     1.101 r  clk_IBUF_BUFG_inst/O
                         net (fo=17, routed)          0.585     1.686    inputs/CLK
    SLICE_X85Y121        FDPE                                         r  inputs/reset_pipe_reg[1]/C
  -------------------------------------------------------------------    -------------------
    SLICE_X85Y121        FDPE (Prop_fdpe_C_Q)         0.128     1.814 f  inputs/reset_pipe_reg[1]/Q
                         net (fo=15, routed)          0.220     2.034    inputs/reset_pipe[1]
    SLICE_X84Y120        FDCE                                         f  inputs/button_meta_reg/CLR
  -------------------------------------------------------------------    -------------------

                         (clock trainer_1khz rise edge)
                                                      0.000     0.000 r  <hidden>
    B6                                                0.000     0.000 r  clk
                         net (fo=0)                   0.000     0.000    clk
    B6                   IBUF (Prop_ibuf_I_O)         0.456     0.456 r  clk_IBUF_inst/O
                         net (fo=1, routed)           0.871     1.327    clk_IBUF
    BUFGCTRL_X0Y16       BUFG (Prop_bufg_I_O)         0.029     1.356 r  clk_IBUF_BUFG_inst/O
                         net (fo=17, routed)          0.855     2.211    inputs/CLK
    SLICE_X84Y120        FDCE                                         r  inputs/button_meta_reg/C
                         clock pessimism             -0.510     1.701    <hidden>
    SLICE_X84Y120        FDCE (Remov_fdce_C_CLR)     -0.121     1.580    inputs/button_meta_reg
  -------------------------------------------------------------------
                         required time                         -1.580    <hidden>
                         arrival time                           2.034    <hidden>
  -------------------------------------------------------------------
                         slack                                  0.454    <hidden>

Slack (MET) :             0.454ns  (arrival time - required time)
  Source:                 inputs/reset_pipe_reg[1]/C
                            (rising edge-triggered cell FDPE clocked by trainer_1khz  {rise@0.000ns fall@500000.031ns period=1000000.000ns})
  Destination:            inputs/button_sync_reg/CLR
                            (removal check against rising-edge clock trainer_1khz  {rise@0.000ns fall@500000.031ns period=1000000.000ns})
  Path Group:             **async_default**
  Path Type:              Removal (Min at Fast Process Corner)
  Requirement:            0.000ns  (trainer_1khz rise@0.000ns - trainer_1khz rise@0.000ns)
  Data Path Delay:        0.348ns  (logic 0.128ns (36.740%)  route 0.220ns (63.260%))
  Logic Levels:           0  
  Clock Path Skew:        0.015ns (DCD - SCD - CPR)
    Destination Clock Delay (DCD):    2.211ns
    Source Clock Delay      (SCD):    1.686ns
    Clock Pessimism Removal (CPR):    0.510ns

    Location             Delay type                Incr(ns)  Path(ns)    Netlist Resource(s)
  -------------------------------------------------------------------    -------------------
                         (clock trainer_1khz rise edge)
                                                      0.000     0.000 r  <hidden>
    B6                                                0.000     0.000 r  clk
                         net (fo=0)                   0.000     0.000    clk
    B6                   IBUF (Prop_ibuf_I_O)         0.268     0.268 r  clk_IBUF_inst/O
                         net (fo=1, routed)           0.808     1.075    clk_IBUF
    BUFGCTRL_X0Y16       BUFG (Prop_bufg_I_O)         0.026     1.101 r  clk_IBUF_BUFG_inst/O
                         net (fo=17, routed)          0.585     1.686    inputs/CLK
    SLICE_X85Y121        FDPE                                         r  inputs/reset_pipe_reg[1]/C
  -------------------------------------------------------------------    -------------------
    SLICE_X85Y121        FDPE (Prop_fdpe_C_Q)         0.128     1.814 f  inputs/reset_pipe_reg[1]/Q
                         net (fo=15, routed)          0.220     2.034    inputs/reset_pipe[1]
    SLICE_X84Y120        FDCE                                         f  inputs/button_sync_reg/CLR
  -------------------------------------------------------------------    -------------------

                         (clock trainer_1khz rise edge)
                                                      0.000     0.000 r  <hidden>
    B6                                                0.000     0.000 r  clk
                         net (fo=0)                   0.000     0.000    clk
    B6                   IBUF (Prop_ibuf_I_O)         0.456     0.456 r  clk_IBUF_inst/O
                         net (fo=1, routed)           0.871     1.327    clk_IBUF
    BUFGCTRL_X0Y16       BUFG (Prop_bufg_I_O)         0.029     1.356 r  clk_IBUF_BUFG_inst/O
                         net (fo=17, routed)          0.855     2.211    inputs/CLK
    SLICE_X84Y120        FDCE                                         r  inputs/button_sync_reg/C
                         clock pessimism             -0.510     1.701    <hidden>
    SLICE_X84Y120        FDCE (Remov_fdce_C_CLR)     -0.121     1.580    inputs/button_sync_reg
  -------------------------------------------------------------------
                         required time                         -1.580    <hidden>
                         arrival time                           2.034    <hidden>
  -------------------------------------------------------------------
                         slack                                  0.454    <hidden>

Slack (MET) :             0.454ns  (arrival time - required time)
  Source:                 inputs/reset_pipe_reg[1]/C
                            (rising edge-triggered cell FDPE clocked by trainer_1khz  {rise@0.000ns fall@500000.031ns period=1000000.000ns})
  Destination:            inputs/sw_meta_reg[0]/CLR
                            (removal check against rising-edge clock trainer_1khz  {rise@0.000ns fall@500000.031ns period=1000000.000ns})
  Path Group:             **async_default**
  Path Type:              Removal (Min at Fast Process Corner)
  Requirement:            0.000ns  (trainer_1khz rise@0.000ns - trainer_1khz rise@0.000ns)
  Data Path Delay:        0.348ns  (logic 0.128ns (36.740%)  route 0.220ns (63.260%))
  Logic Levels:           0  
  Clock Path Skew:        0.015ns (DCD - SCD - CPR)
    Destination Clock Delay (DCD):    2.211ns
    Source Clock Delay      (SCD):    1.686ns
    Clock Pessimism Removal (CPR):    0.510ns

    Location             Delay type                Incr(ns)  Path(ns)    Netlist Resource(s)
  -------------------------------------------------------------------    -------------------
                         (clock trainer_1khz rise edge)
                                                      0.000     0.000 r  <hidden>
    B6                                                0.000     0.000 r  clk
                         net (fo=0)                   0.000     0.000    clk
    B6                   IBUF (Prop_ibuf_I_O)         0.268     0.268 r  clk_IBUF_inst/O
                         net (fo=1, routed)           0.808     1.075    clk_IBUF
    BUFGCTRL_X0Y16       BUFG (Prop_bufg_I_O)         0.026     1.101 r  clk_IBUF_BUFG_inst/O
                         net (fo=17, routed)          0.585     1.686    inputs/CLK
    SLICE_X85Y121        FDPE                                         r  inputs/reset_pipe_reg[1]/C
  -------------------------------------------------------------------    -------------------
    SLICE_X85Y121        FDPE (Prop_fdpe_C_Q)         0.128     1.814 f  inputs/reset_pipe_reg[1]/Q
                         net (fo=15, routed)          0.220     2.034    inputs/reset_pipe[1]
    SLICE_X84Y120        FDCE                                         f  inputs/sw_meta_reg[0]/CLR
  -------------------------------------------------------------------    -------------------

                         (clock trainer_1khz rise edge)
                                                      0.000     0.000 r  <hidden>
    B6                                                0.000     0.000 r  clk
                         net (fo=0)                   0.000     0.000    clk
    B6                   IBUF (Prop_ibuf_I_O)         0.456     0.456 r  clk_IBUF_inst/O
                         net (fo=1, routed)           0.871     1.327    clk_IBUF
    BUFGCTRL_X0Y16       BUFG (Prop_bufg_I_O)         0.029     1.356 r  clk_IBUF_BUFG_inst/O
                         net (fo=17, routed)          0.855     2.211    inputs/CLK
    SLICE_X84Y120        FDCE                                         r  inputs/sw_meta_reg[0]/C
                         clock pessimism             -0.510     1.701    <hidden>
    SLICE_X84Y120        FDCE (Remov_fdce_C_CLR)     -0.121     1.580    inputs/sw_meta_reg[0]
  -------------------------------------------------------------------
                         required time                         -1.580    <hidden>
                         arrival time                           2.034    <hidden>
  -------------------------------------------------------------------
                         slack                                  0.454    <hidden>

Slack (MET) :             0.454ns  (arrival time - required time)
  Source:                 inputs/reset_pipe_reg[1]/C
                            (rising edge-triggered cell FDPE clocked by trainer_1khz  {rise@0.000ns fall@500000.031ns period=1000000.000ns})
  Destination:            inputs/sw_sync_reg[0]/CLR
                            (removal check against rising-edge clock trainer_1khz  {rise@0.000ns fall@500000.031ns period=1000000.000ns})
  Path Group:             **async_default**
  Path Type:              Removal (Min at Fast Process Corner)
  Requirement:            0.000ns  (trainer_1khz rise@0.000ns - trainer_1khz rise@0.000ns)
  Data Path Delay:        0.348ns  (logic 0.128ns (36.740%)  route 0.220ns (63.260%))
  Logic Levels:           0  
  Clock Path Skew:        0.015ns (DCD - SCD - CPR)
    Destination Clock Delay (DCD):    2.211ns
    Source Clock Delay      (SCD):    1.686ns
    Clock Pessimism Removal (CPR):    0.510ns

    Location             Delay type                Incr(ns)  Path(ns)    Netlist Resource(s)
  -------------------------------------------------------------------    -------------------
                         (clock trainer_1khz rise edge)
                                                      0.000     0.000 r  <hidden>
    B6                                                0.000     0.000 r  clk
                         net (fo=0)                   0.000     0.000    clk
    B6                   IBUF (Prop_ibuf_I_O)         0.268     0.268 r  clk_IBUF_inst/O
                         net (fo=1, routed)           0.808     1.075    clk_IBUF
    BUFGCTRL_X0Y16       BUFG (Prop_bufg_I_O)         0.026     1.101 r  clk_IBUF_BUFG_inst/O
                         net (fo=17, routed)          0.585     1.686    inputs/CLK
    SLICE_X85Y121        FDPE                                         r  inputs/reset_pipe_reg[1]/C
  -------------------------------------------------------------------    -------------------
    SLICE_X85Y121        FDPE (Prop_fdpe_C_Q)         0.128     1.814 f  inputs/reset_pipe_reg[1]/Q
                         net (fo=15, routed)          0.220     2.034    inputs/reset_pipe[1]
    SLICE_X84Y120        FDCE                                         f  inputs/sw_sync_reg[0]/CLR
  -------------------------------------------------------------------    -------------------

                         (clock trainer_1khz rise edge)
                                                      0.000     0.000 r  <hidden>
    B6                                                0.000     0.000 r  clk
                         net (fo=0)                   0.000     0.000    clk
    B6                   IBUF (Prop_ibuf_I_O)         0.456     0.456 r  clk_IBUF_inst/O
                         net (fo=1, routed)           0.871     1.327    clk_IBUF
    BUFGCTRL_X0Y16       BUFG (Prop_bufg_I_O)         0.029     1.356 r  clk_IBUF_BUFG_inst/O
                         net (fo=17, routed)          0.855     2.211    inputs/CLK
    SLICE_X84Y120        FDCE                                         r  inputs/sw_sync_reg[0]/C
                         clock pessimism             -0.510     1.701    <hidden>
    SLICE_X84Y120        FDCE (Remov_fdce_C_CLR)     -0.121     1.580    inputs/sw_sync_reg[0]
  -------------------------------------------------------------------
                         required time                         -1.580    <hidden>
                         arrival time                           2.034    <hidden>
  -------------------------------------------------------------------
                         slack                                  0.454    <hidden>





--------------------------------------------------------------------------------------
Path Group:  (none)
From Clock:  
  To Clock:  trainer_1khz

Max Delay             4 Endpoints
Min Delay             4 Endpoints
--------------------------------------------------------------------------------------


Max Delay Paths
--------------------------------------------------------------------------------------
Slack:                    inf
  Source:                 sw[0]
                            (input port)
  Destination:            inputs/sw_meta_reg[0]/D
                            (rising edge-triggered cell FDCE clocked by trainer_1khz  {rise@0.000ns fall@500000.031ns period=1000000.000ns})
  Path Group:             (none)
  Path Type:              Setup (Max at Slow Process Corner)
  Data Path Delay:        3.544ns  (logic 1.491ns (42.074%)  route 2.053ns (57.926%))
  Logic Levels:           1  (IBUF=1)
  Clock Path Skew:        5.285ns (DCD - SCD + CPR)
    Destination Clock Delay (DCD):    5.285ns
    Source Clock Delay      (SCD):    0.000ns
    Clock Pessimism Removal (CPR):    0.000ns
  Clock Uncertainty:      0.025ns  ((TSJ^2 + TIJ^2)^1/2 + DJ) / 2 + PE
    Total System Jitter     (TSJ):    0.050ns
    Total Input Jitter      (TIJ):    0.000ns
    Discrete Jitter          (DJ):    0.000ns
    Phase Error              (PE):    0.000ns
  Timing Exception:       False Path

    Location             Delay type                Incr(ns)  Path(ns)    Netlist Resource(s)
  -------------------------------------------------------------------    -------------------
    U4                                                0.000     0.000 r  sw[0]
                         net (fo=0)                   0.000     0.000    sw[0]
    U4                   IBUF (Prop_ibuf_I_O)         1.491     1.491 r  sw_IBUF[0]_inst/O
                         net (fo=1, routed)           2.053     3.544    inputs/D[0]
    SLICE_X84Y120        FDCE                                         r  inputs/sw_meta_reg[0]/D
  -------------------------------------------------------------------    -------------------

                         (clock trainer_1khz rise edge)
                                                      0.000     0.000 r  <hidden>
    B6                                                0.000     0.000 r  clk
                         net (fo=0)                   0.000     0.000    clk
    B6                   IBUF (Prop_ibuf_I_O)         1.429     1.429 r  clk_IBUF_inst/O
                         net (fo=1, routed)           2.196     3.625    clk_IBUF
    BUFGCTRL_X0Y16       BUFG (Prop_bufg_I_O)         0.091     3.716 r  clk_IBUF_BUFG_inst/O
                         net (fo=17, routed)          1.569     5.285    inputs/CLK
    SLICE_X84Y120        FDCE                                         r  inputs/sw_meta_reg[0]/C

Slack:                    inf
  Source:                 button
                            (input port)
  Destination:            inputs/button_meta_reg/D
                            (rising edge-triggered cell FDCE clocked by trainer_1khz  {rise@0.000ns fall@500000.031ns period=1000000.000ns})
  Path Group:             (none)
  Path Type:              Setup (Max at Slow Process Corner)
  Data Path Delay:        2.956ns  (logic 1.477ns (49.976%)  route 1.479ns (50.024%))
  Logic Levels:           1  (IBUF=1)
  Clock Path Skew:        5.285ns (DCD - SCD + CPR)
    Destination Clock Delay (DCD):    5.285ns
    Source Clock Delay      (SCD):    0.000ns
    Clock Pessimism Removal (CPR):    0.000ns
  Clock Uncertainty:      0.025ns  ((TSJ^2 + TIJ^2)^1/2 + DJ) / 2 + PE
    Total System Jitter     (TSJ):    0.050ns
    Total Input Jitter      (TIJ):    0.000ns
    Discrete Jitter          (DJ):    0.000ns
    Phase Error              (PE):    0.000ns
  Timing Exception:       False Path

    Location             Delay type                Incr(ns)  Path(ns)    Netlist Resource(s)
  -------------------------------------------------------------------    -------------------
    N8                                                0.000     0.000 r  button
                         net (fo=0)                   0.000     0.000    button
    N8                   IBUF (Prop_ibuf_I_O)         1.477     1.477 r  button_IBUF_inst/O
                         net (fo=1, routed)           1.479     2.956    inputs/button_IBUF
    SLICE_X84Y120        FDCE                                         r  inputs/button_meta_reg/D
  -------------------------------------------------------------------    -------------------

                         (clock trainer_1khz rise edge)
                                                      0.000     0.000 r  <hidden>
    B6                                                0.000     0.000 r  clk
                         net (fo=0)                   0.000     0.000    clk
    B6                   IBUF (Prop_ibuf_I_O)         1.429     1.429 r  clk_IBUF_inst/O
                         net (fo=1, routed)           2.196     3.625    clk_IBUF
    BUFGCTRL_X0Y16       BUFG (Prop_bufg_I_O)         0.091     3.716 r  clk_IBUF_BUFG_inst/O
                         net (fo=17, routed)          1.569     5.285    inputs/CLK
    SLICE_X84Y120        FDCE                                         r  inputs/button_meta_reg/C

Slack:                    inf
  Source:                 rst
                            (input port)
  Destination:            inputs/reset_pipe_reg[0]/PRE
                            (recovery check against rising-edge clock trainer_1khz  {rise@0.000ns fall@500000.031ns period=1000000.000ns})
  Path Group:             (none)
  Path Type:              Recovery (Max at Slow Process Corner)
  Data Path Delay:        2.760ns  (logic 1.468ns (53.204%)  route 1.292ns (46.796%))
  Logic Levels:           1  (IBUF=1)
  Clock Path Skew:        5.284ns (DCD - SCD + CPR)
    Destination Clock Delay (DCD):    5.284ns
    Source Clock Delay      (SCD):    0.000ns
    Clock Pessimism Removal (CPR):    0.000ns
  Clock Uncertainty:      0.025ns  ((TSJ^2 + TIJ^2)^1/2 + DJ) / 2 + PE
    Total System Jitter     (TSJ):    0.050ns
    Total Input Jitter      (TIJ):    0.000ns
    Discrete Jitter          (DJ):    0.000ns
    Phase Error              (PE):    0.000ns
  Timing Exception:       False Path

    Location             Delay type                Incr(ns)  Path(ns)    Netlist Resource(s)
  -------------------------------------------------------------------    -------------------
    K4                                                0.000     0.000 f  rst
                         net (fo=0)                   0.000     0.000    rst
    K4                   IBUF (Prop_ibuf_I_O)         1.468     1.468 f  rst_IBUF_inst/O
                         net (fo=2, routed)           1.292     2.760    inputs/AS[0]
    SLICE_X85Y121        FDPE                                         f  inputs/reset_pipe_reg[0]/PRE
  -------------------------------------------------------------------    -------------------

                         (clock trainer_1khz rise edge)
                                                      0.000     0.000 r  <hidden>
    B6                                                0.000     0.000 r  clk
                         net (fo=0)                   0.000     0.000    clk
    B6                   IBUF (Prop_ibuf_I_O)         1.429     1.429 r  clk_IBUF_inst/O
                         net (fo=1, routed)           2.196     3.625    clk_IBUF
    BUFGCTRL_X0Y16       BUFG (Prop_bufg_I_O)         0.091     3.716 r  clk_IBUF_BUFG_inst/O
                         net (fo=17, routed)          1.568     5.284    inputs/CLK
    SLICE_X85Y121        FDPE                                         r  inputs/reset_pipe_reg[0]/C

Slack:                    inf
  Source:                 rst
                            (input port)
  Destination:            inputs/reset_pipe_reg[1]/PRE
                            (recovery check against rising-edge clock trainer_1khz  {rise@0.000ns fall@500000.031ns period=1000000.000ns})
  Path Group:             (none)
  Path Type:              Recovery (Max at Slow Process Corner)
  Data Path Delay:        2.760ns  (logic 1.468ns (53.204%)  route 1.292ns (46.796%))
  Logic Levels:           1  (IBUF=1)
  Clock Path Skew:        5.284ns (DCD - SCD + CPR)
    Destination Clock Delay (DCD):    5.284ns
    Source Clock Delay      (SCD):    0.000ns
    Clock Pessimism Removal (CPR):    0.000ns
  Clock Uncertainty:      0.025ns  ((TSJ^2 + TIJ^2)^1/2 + DJ) / 2 + PE
    Total System Jitter     (TSJ):    0.050ns
    Total Input Jitter      (TIJ):    0.000ns
    Discrete Jitter          (DJ):    0.000ns
    Phase Error              (PE):    0.000ns
  Timing Exception:       False Path

    Location             Delay type                Incr(ns)  Path(ns)    Netlist Resource(s)
  -------------------------------------------------------------------    -------------------
    K4                                                0.000     0.000 f  rst
                         net (fo=0)                   0.000     0.000    rst
    K4                   IBUF (Prop_ibuf_I_O)         1.468     1.468 f  rst_IBUF_inst/O
                         net (fo=2, routed)           1.292     2.760    inputs/AS[0]
    SLICE_X85Y121        FDPE                                         f  inputs/reset_pipe_reg[1]/PRE
  -------------------------------------------------------------------    -------------------

                         (clock trainer_1khz rise edge)
                                                      0.000     0.000 r  <hidden>
    B6                                                0.000     0.000 r  clk
                         net (fo=0)                   0.000     0.000    clk
    B6                   IBUF (Prop_ibuf_I_O)         1.429     1.429 r  clk_IBUF_inst/O
                         net (fo=1, routed)           2.196     3.625    clk_IBUF
    BUFGCTRL_X0Y16       BUFG (Prop_bufg_I_O)         0.091     3.716 r  clk_IBUF_BUFG_inst/O
                         net (fo=17, routed)          1.568     5.284    inputs/CLK
    SLICE_X85Y121        FDPE                                         r  inputs/reset_pipe_reg[1]/C





Min Delay Paths
--------------------------------------------------------------------------------------
Slack:                    inf
  Source:                 rst
                            (input port)
  Destination:            inputs/reset_pipe_reg[0]/PRE
                            (removal check against rising-edge clock trainer_1khz  {rise@0.000ns fall@500000.031ns period=1000000.000ns})
  Path Group:             (none)
  Path Type:              Removal (Min at Fast Process Corner)
  Data Path Delay:        0.763ns  (logic 0.236ns (30.982%)  route 0.527ns (69.018%))
  Logic Levels:           1  (IBUF=1)
  Clock Path Skew:        2.210ns (DCD - SCD - CPR)
    Destination Clock Delay (DCD):    2.210ns
    Source Clock Delay      (SCD):    0.000ns
    Clock Pessimism Removal (CPR):    -0.000ns
  Timing Exception:       False Path

    Location             Delay type                Incr(ns)  Path(ns)    Netlist Resource(s)
  -------------------------------------------------------------------    -------------------
    K4                                                0.000     0.000 f  rst
                         net (fo=0)                   0.000     0.000    rst
    K4                   IBUF (Prop_ibuf_I_O)         0.236     0.236 f  rst_IBUF_inst/O
                         net (fo=2, routed)           0.527     0.763    inputs/AS[0]
    SLICE_X85Y121        FDPE                                         f  inputs/reset_pipe_reg[0]/PRE
  -------------------------------------------------------------------    -------------------

                         (clock trainer_1khz rise edge)
                                                      0.000     0.000 r  <hidden>
    B6                                                0.000     0.000 r  clk
                         net (fo=0)                   0.000     0.000    clk
    B6                   IBUF (Prop_ibuf_I_O)         0.456     0.456 r  clk_IBUF_inst/O
                         net (fo=1, routed)           0.871     1.327    clk_IBUF
    BUFGCTRL_X0Y16       BUFG (Prop_bufg_I_O)         0.029     1.356 r  clk_IBUF_BUFG_inst/O
                         net (fo=17, routed)          0.855     2.210    inputs/CLK
    SLICE_X85Y121        FDPE                                         r  inputs/reset_pipe_reg[0]/C

Slack:                    inf
  Source:                 rst
                            (input port)
  Destination:            inputs/reset_pipe_reg[1]/PRE
                            (removal check against rising-edge clock trainer_1khz  {rise@0.000ns fall@500000.031ns period=1000000.000ns})
  Path Group:             (none)
  Path Type:              Removal (Min at Fast Process Corner)
  Data Path Delay:        0.763ns  (logic 0.236ns (30.982%)  route 0.527ns (69.018%))
  Logic Levels:           1  (IBUF=1)
  Clock Path Skew:        2.210ns (DCD - SCD - CPR)
    Destination Clock Delay (DCD):    2.210ns
    Source Clock Delay      (SCD):    0.000ns
    Clock Pessimism Removal (CPR):    -0.000ns
  Timing Exception:       False Path

    Location             Delay type                Incr(ns)  Path(ns)    Netlist Resource(s)
  -------------------------------------------------------------------    -------------------
    K4                                                0.000     0.000 f  rst
                         net (fo=0)                   0.000     0.000    rst
    K4                   IBUF (Prop_ibuf_I_O)         0.236     0.236 f  rst_IBUF_inst/O
                         net (fo=2, routed)           0.527     0.763    inputs/AS[0]
    SLICE_X85Y121        FDPE                                         f  inputs/reset_pipe_reg[1]/PRE
  -------------------------------------------------------------------    -------------------

                         (clock trainer_1khz rise edge)
                                                      0.000     0.000 r  <hidden>
    B6                                                0.000     0.000 r  clk
                         net (fo=0)                   0.000     0.000    clk
    B6                   IBUF (Prop_ibuf_I_O)         0.456     0.456 r  clk_IBUF_inst/O
                         net (fo=1, routed)           0.871     1.327    clk_IBUF
    BUFGCTRL_X0Y16       BUFG (Prop_bufg_I_O)         0.029     1.356 r  clk_IBUF_BUFG_inst/O
                         net (fo=17, routed)          0.855     2.210    inputs/CLK
    SLICE_X85Y121        FDPE                                         r  inputs/reset_pipe_reg[1]/C

Slack:                    inf
  Source:                 button
                            (input port)
  Destination:            inputs/button_meta_reg/D
                            (rising edge-triggered cell FDCE clocked by trainer_1khz  {rise@0.000ns fall@500000.031ns period=1000000.000ns})
  Path Group:             (none)
  Path Type:              Hold (Min at Fast Process Corner)
  Data Path Delay:        0.815ns  (logic 0.245ns (30.083%)  route 0.570ns (69.917%))
  Logic Levels:           1  (IBUF=1)
  Clock Path Skew:        2.211ns (DCD - SCD - CPR)
    Destination Clock Delay (DCD):    2.211ns
    Source Clock Delay      (SCD):    0.000ns
    Clock Pessimism Removal (CPR):    -0.000ns
  Timing Exception:       False Path

    Location             Delay type                Incr(ns)  Path(ns)    Netlist Resource(s)
  -------------------------------------------------------------------    -------------------
    N8                                                0.000     0.000 r  button
                         net (fo=0)                   0.000     0.000    button
    N8                   IBUF (Prop_ibuf_I_O)         0.245     0.245 r  button_IBUF_inst/O
                         net (fo=1, routed)           0.570     0.815    inputs/button_IBUF
    SLICE_X84Y120        FDCE                                         r  inputs/button_meta_reg/D
  -------------------------------------------------------------------    -------------------

                         (clock trainer_1khz rise edge)
                                                      0.000     0.000 r  <hidden>
    B6                                                0.000     0.000 r  clk
                         net (fo=0)                   0.000     0.000    clk
    B6                   IBUF (Prop_ibuf_I_O)         0.456     0.456 r  clk_IBUF_inst/O
                         net (fo=1, routed)           0.871     1.327    clk_IBUF
    BUFGCTRL_X0Y16       BUFG (Prop_bufg_I_O)         0.029     1.356 r  clk_IBUF_BUFG_inst/O
                         net (fo=17, routed)          0.855     2.211    inputs/CLK
    SLICE_X84Y120        FDCE                                         r  inputs/button_meta_reg/C

Slack:                    inf
  Source:                 sw[0]
                            (input port)
  Destination:            inputs/sw_meta_reg[0]/D
                            (rising edge-triggered cell FDCE clocked by trainer_1khz  {rise@0.000ns fall@500000.031ns period=1000000.000ns})
  Path Group:             (none)
  Path Type:              Hold (Min at Fast Process Corner)
  Data Path Delay:        1.075ns  (logic 0.259ns (24.090%)  route 0.816ns (75.910%))
  Logic Levels:           1  (IBUF=1)
  Clock Path Skew:        2.211ns (DCD - SCD - CPR)
    Destination Clock Delay (DCD):    2.211ns
    Source Clock Delay      (SCD):    0.000ns
    Clock Pessimism Removal (CPR):    -0.000ns
  Timing Exception:       False Path

    Location             Delay type                Incr(ns)  Path(ns)    Netlist Resource(s)
  -------------------------------------------------------------------    -------------------
    U4                                                0.000     0.000 r  sw[0]
                         net (fo=0)                   0.000     0.000    sw[0]
    U4                   IBUF (Prop_ibuf_I_O)         0.259     0.259 r  sw_IBUF[0]_inst/O
                         net (fo=1, routed)           0.816     1.075    inputs/D[0]
    SLICE_X84Y120        FDCE                                         r  inputs/sw_meta_reg[0]/D
  -------------------------------------------------------------------    -------------------

                         (clock trainer_1khz rise edge)
                                                      0.000     0.000 r  <hidden>
    B6                                                0.000     0.000 r  clk
                         net (fo=0)                   0.000     0.000    clk
    B6                   IBUF (Prop_ibuf_I_O)         0.456     0.456 r  clk_IBUF_inst/O
                         net (fo=1, routed)           0.871     1.327    clk_IBUF
    BUFGCTRL_X0Y16       BUFG (Prop_bufg_I_O)         0.029     1.356 r  clk_IBUF_BUFG_inst/O
                         net (fo=17, routed)          0.855     2.211    inputs/CLK
    SLICE_X84Y120        FDCE                                         r  inputs/sw_meta_reg[0]/C





--------------------------------------------------------------------------------------
Path Group:  (none)
From Clock:  trainer_1khz
  To Clock:  

Max Delay             4 Endpoints
Min Delay             4 Endpoints
--------------------------------------------------------------------------------------


Max Delay Paths
--------------------------------------------------------------------------------------
Slack:                    inf
  Source:                 core/value_reg[1]/C
                            (rising edge-triggered cell FDRE clocked by trainer_1khz  {rise@0.000ns fall@500000.031ns period=1000000.000ns})
  Destination:            led[1]
                            (output port)
  Path Group:             (none)
  Path Type:              Max at Slow Process Corner
  Data Path Delay:        6.169ns  (logic 4.190ns (67.927%)  route 1.979ns (32.073%))
  Logic Levels:           1  (OBUF=1)
  Clock Uncertainty:      0.025ns  ((TSJ^2 + TIJ^2)^1/2 + DJ) / 2 + PE
    Total System Jitter     (TSJ):    0.050ns
    Total Input Jitter      (TIJ):    0.000ns
    Discrete Jitter          (DJ):    0.000ns
    Phase Error              (PE):    0.000ns

    Location             Delay type                Incr(ns)  Path(ns)    Netlist Resource(s)
  -------------------------------------------------------------------    -------------------
                         (clock trainer_1khz rise edge)
                                                      0.000     0.000 r  <hidden>
    B6                                                0.000     0.000 r  clk
                         net (fo=0)                   0.000     0.000    clk
    B6                   IBUF (Prop_ibuf_I_O)         1.500     1.500 r  clk_IBUF_inst/O
                         net (fo=1, routed)           2.315     3.815    clk_IBUF
    BUFGCTRL_X0Y16       BUFG (Prop_bufg_I_O)         0.096     3.911 r  clk_IBUF_BUFG_inst/O
                         net (fo=17, routed)          1.686     5.597    core/CLK
    SLICE_X84Y121        FDRE                                         r  core/value_reg[1]/C
  -------------------------------------------------------------------    -------------------
    SLICE_X84Y121        FDRE (Prop_fdre_C_Q)         0.478     6.075 r  core/value_reg[1]/Q
                         net (fo=4, routed)           1.979     8.054    led_OBUF[1]
    M1                   OBUF (Prop_obuf_I_O)         3.712    11.766 r  led_OBUF[1]_inst/O
                         net (fo=0)                   0.000    11.766    led[1]
    M1                                                                r  led[1]
  -------------------------------------------------------------------    -------------------

Slack:                    inf
  Source:                 core/value_reg[0]/C
                            (rising edge-triggered cell FDRE clocked by trainer_1khz  {rise@0.000ns fall@500000.031ns period=1000000.000ns})
  Destination:            led[0]
                            (output port)
  Path Group:             (none)
  Path Type:              Max at Slow Process Corner
  Data Path Delay:        6.148ns  (logic 4.059ns (66.016%)  route 2.089ns (33.984%))
  Logic Levels:           1  (OBUF=1)
  Clock Uncertainty:      0.025ns  ((TSJ^2 + TIJ^2)^1/2 + DJ) / 2 + PE
    Total System Jitter     (TSJ):    0.050ns
    Total Input Jitter      (TIJ):    0.000ns
    Discrete Jitter          (DJ):    0.000ns
    Phase Error              (PE):    0.000ns

    Location             Delay type                Incr(ns)  Path(ns)    Netlist Resource(s)
  -------------------------------------------------------------------    -------------------
                         (clock trainer_1khz rise edge)
                                                      0.000     0.000 r  <hidden>
    B6                                                0.000     0.000 r  clk
                         net (fo=0)                   0.000     0.000    clk
    B6                   IBUF (Prop_ibuf_I_O)         1.500     1.500 r  clk_IBUF_inst/O
                         net (fo=1, routed)           2.315     3.815    clk_IBUF
    BUFGCTRL_X0Y16       BUFG (Prop_bufg_I_O)         0.096     3.911 r  clk_IBUF_BUFG_inst/O
                         net (fo=17, routed)          1.686     5.597    core/CLK
    SLICE_X84Y121        FDRE                                         r  core/value_reg[0]/C
  -------------------------------------------------------------------    -------------------
    SLICE_X84Y121        FDRE (Prop_fdre_C_Q)         0.518     6.115 r  core/value_reg[0]/Q
                         net (fo=5, routed)           2.089     8.205    led_OBUF[0]
    N5                   OBUF (Prop_obuf_I_O)         3.541    11.745 r  led_OBUF[0]_inst/O
                         net (fo=0)                   0.000    11.745    led[0]
    N5                                                                r  led[0]
  -------------------------------------------------------------------    -------------------

Slack:                    inf
  Source:                 core/value_reg[3]/C
                            (rising edge-triggered cell FDRE clocked by trainer_1khz  {rise@0.000ns fall@500000.031ns period=1000000.000ns})
  Destination:            led[3]
                            (output port)
  Path Group:             (none)
  Path Type:              Max at Slow Process Corner
  Data Path Delay:        6.136ns  (logic 4.179ns (68.112%)  route 1.957ns (31.888%))
  Logic Levels:           1  (OBUF=1)
  Clock Uncertainty:      0.025ns  ((TSJ^2 + TIJ^2)^1/2 + DJ) / 2 + PE
    Total System Jitter     (TSJ):    0.050ns
    Total Input Jitter      (TIJ):    0.000ns
    Discrete Jitter          (DJ):    0.000ns
    Phase Error              (PE):    0.000ns

    Location             Delay type                Incr(ns)  Path(ns)    Netlist Resource(s)
  -------------------------------------------------------------------    -------------------
                         (clock trainer_1khz rise edge)
                                                      0.000     0.000 r  <hidden>
    B6                                                0.000     0.000 r  clk
                         net (fo=0)                   0.000     0.000    clk
    B6                   IBUF (Prop_ibuf_I_O)         1.500     1.500 r  clk_IBUF_inst/O
                         net (fo=1, routed)           2.315     3.815    clk_IBUF
    BUFGCTRL_X0Y16       BUFG (Prop_bufg_I_O)         0.096     3.911 r  clk_IBUF_BUFG_inst/O
                         net (fo=17, routed)          1.686     5.597    core/CLK
    SLICE_X84Y121        FDRE                                         r  core/value_reg[3]/C
  -------------------------------------------------------------------    -------------------
    SLICE_X84Y121        FDRE (Prop_fdre_C_Q)         0.478     6.075 r  core/value_reg[3]/Q
                         net (fo=2, routed)           1.957     8.032    led_OBUF[3]
    M7                   OBUF (Prop_obuf_I_O)         3.701    11.733 r  led_OBUF[3]_inst/O
                         net (fo=0)                   0.000    11.733    led[3]
    M7                                                                r  led[3]
  -------------------------------------------------------------------    -------------------

Slack:                    inf
  Source:                 core/value_reg[2]/C
                            (rising edge-triggered cell FDRE clocked by trainer_1khz  {rise@0.000ns fall@500000.031ns period=1000000.000ns})
  Destination:            led[2]
                            (output port)
  Path Group:             (none)
  Path Type:              Max at Slow Process Corner
  Data Path Delay:        5.725ns  (logic 4.046ns (70.670%)  route 1.679ns (29.330%))
  Logic Levels:           1  (OBUF=1)
  Clock Uncertainty:      0.025ns  ((TSJ^2 + TIJ^2)^1/2 + DJ) / 2 + PE
    Total System Jitter     (TSJ):    0.050ns
    Total Input Jitter      (TIJ):    0.000ns
    Discrete Jitter          (DJ):    0.000ns
    Phase Error              (PE):    0.000ns

    Location             Delay type                Incr(ns)  Path(ns)    Netlist Resource(s)
  -------------------------------------------------------------------    -------------------
                         (clock trainer_1khz rise edge)
                                                      0.000     0.000 r  <hidden>
    B6                                                0.000     0.000 r  clk
                         net (fo=0)                   0.000     0.000    clk
    B6                   IBUF (Prop_ibuf_I_O)         1.500     1.500 r  clk_IBUF_inst/O
                         net (fo=1, routed)           2.315     3.815    clk_IBUF
    BUFGCTRL_X0Y16       BUFG (Prop_bufg_I_O)         0.096     3.911 r  clk_IBUF_BUFG_inst/O
                         net (fo=17, routed)          1.686     5.597    core/CLK
    SLICE_X84Y121        FDRE                                         r  core/value_reg[2]/C
  -------------------------------------------------------------------    -------------------
    SLICE_X84Y121        FDRE (Prop_fdre_C_Q)         0.518     6.115 r  core/value_reg[2]/Q
                         net (fo=3, routed)           1.679     7.794    led_OBUF[2]
    M3                   OBUF (Prop_obuf_I_O)         3.528    11.322 r  led_OBUF[2]_inst/O
                         net (fo=0)                   0.000    11.322    led[2]
    M3                                                                r  led[2]
  -------------------------------------------------------------------    -------------------





Min Delay Paths
--------------------------------------------------------------------------------------
Slack:                    inf
  Source:                 core/value_reg[2]/C
                            (rising edge-triggered cell FDRE clocked by trainer_1khz  {rise@0.000ns fall@500000.031ns period=1000000.000ns})
  Destination:            led[2]
                            (output port)
  Path Group:             (none)
  Path Type:              Min at Fast Process Corner
  Data Path Delay:        1.745ns  (logic 1.393ns (79.820%)  route 0.352ns (20.180%))
  Logic Levels:           1  (OBUF=1)
  Clock Uncertainty:      0.025ns  ((TSJ^2 + TIJ^2)^1/2 + DJ) / 2 + PE
    Total System Jitter     (TSJ):    0.050ns
    Total Input Jitter      (TIJ):    0.000ns
    Discrete Jitter          (DJ):    0.000ns
    Phase Error              (PE):    0.000ns

    Location             Delay type                Incr(ns)  Path(ns)    Netlist Resource(s)
  -------------------------------------------------------------------    -------------------
                         (clock trainer_1khz rise edge)
                                                      0.000     0.000 r  <hidden>
    B6                                                0.000     0.000 r  clk
                         net (fo=0)                   0.000     0.000    clk
    B6                   IBUF (Prop_ibuf_I_O)         0.268     0.268 r  clk_IBUF_inst/O
                         net (fo=1, routed)           0.808     1.075    clk_IBUF
    BUFGCTRL_X0Y16       BUFG (Prop_bufg_I_O)         0.026     1.101 r  clk_IBUF_BUFG_inst/O
                         net (fo=17, routed)          0.585     1.686    core/CLK
    SLICE_X84Y121        FDRE                                         r  core/value_reg[2]/C
  -------------------------------------------------------------------    -------------------
    SLICE_X84Y121        FDRE (Prop_fdre_C_Q)         0.164     1.850 r  core/value_reg[2]/Q
                         net (fo=3, routed)           0.352     2.202    led_OBUF[2]
    M3                   OBUF (Prop_obuf_I_O)         1.229     3.431 r  led_OBUF[2]_inst/O
                         net (fo=0)                   0.000     3.431    led[2]
    M3                                                                r  led[2]
  -------------------------------------------------------------------    -------------------

Slack:                    inf
  Source:                 core/value_reg[1]/C
                            (rising edge-triggered cell FDRE clocked by trainer_1khz  {rise@0.000ns fall@500000.031ns period=1000000.000ns})
  Destination:            led[1]
                            (output port)
  Path Group:             (none)
  Path Type:              Min at Fast Process Corner
  Data Path Delay:        1.892ns  (logic 1.443ns (76.289%)  route 0.449ns (23.711%))
  Logic Levels:           1  (OBUF=1)
  Clock Uncertainty:      0.025ns  ((TSJ^2 + TIJ^2)^1/2 + DJ) / 2 + PE
    Total System Jitter     (TSJ):    0.050ns
    Total Input Jitter      (TIJ):    0.000ns
    Discrete Jitter          (DJ):    0.000ns
    Phase Error              (PE):    0.000ns

    Location             Delay type                Incr(ns)  Path(ns)    Netlist Resource(s)
  -------------------------------------------------------------------    -------------------
                         (clock trainer_1khz rise edge)
                                                      0.000     0.000 r  <hidden>
    B6                                                0.000     0.000 r  clk
                         net (fo=0)                   0.000     0.000    clk
    B6                   IBUF (Prop_ibuf_I_O)         0.268     0.268 r  clk_IBUF_inst/O
                         net (fo=1, routed)           0.808     1.075    clk_IBUF
    BUFGCTRL_X0Y16       BUFG (Prop_bufg_I_O)         0.026     1.101 r  clk_IBUF_BUFG_inst/O
                         net (fo=17, routed)          0.585     1.686    core/CLK
    SLICE_X84Y121        FDRE                                         r  core/value_reg[1]/C
  -------------------------------------------------------------------    -------------------
    SLICE_X84Y121        FDRE (Prop_fdre_C_Q)         0.148     1.834 r  core/value_reg[1]/Q
                         net (fo=4, routed)           0.449     2.283    led_OBUF[1]
    M1                   OBUF (Prop_obuf_I_O)         1.295     3.578 r  led_OBUF[1]_inst/O
                         net (fo=0)                   0.000     3.578    led[1]
    M1                                                                r  led[1]
  -------------------------------------------------------------------    -------------------

Slack:                    inf
  Source:                 core/value_reg[3]/C
                            (rising edge-triggered cell FDRE clocked by trainer_1khz  {rise@0.000ns fall@500000.031ns period=1000000.000ns})
  Destination:            led[3]
                            (output port)
  Path Group:             (none)
  Path Type:              Min at Fast Process Corner
  Data Path Delay:        1.898ns  (logic 1.427ns (75.200%)  route 0.471ns (24.800%))
  Logic Levels:           1  (OBUF=1)
  Clock Uncertainty:      0.025ns  ((TSJ^2 + TIJ^2)^1/2 + DJ) / 2 + PE
    Total System Jitter     (TSJ):    0.050ns
    Total Input Jitter      (TIJ):    0.000ns
    Discrete Jitter          (DJ):    0.000ns
    Phase Error              (PE):    0.000ns

    Location             Delay type                Incr(ns)  Path(ns)    Netlist Resource(s)
  -------------------------------------------------------------------    -------------------
                         (clock trainer_1khz rise edge)
                                                      0.000     0.000 r  <hidden>
    B6                                                0.000     0.000 r  clk
                         net (fo=0)                   0.000     0.000    clk
    B6                   IBUF (Prop_ibuf_I_O)         0.268     0.268 r  clk_IBUF_inst/O
                         net (fo=1, routed)           0.808     1.075    clk_IBUF
    BUFGCTRL_X0Y16       BUFG (Prop_bufg_I_O)         0.026     1.101 r  clk_IBUF_BUFG_inst/O
                         net (fo=17, routed)          0.585     1.686    core/CLK
    SLICE_X84Y121        FDRE                                         r  core/value_reg[3]/C
  -------------------------------------------------------------------    -------------------
    SLICE_X84Y121        FDRE (Prop_fdre_C_Q)         0.148     1.834 r  core/value_reg[3]/Q
                         net (fo=2, routed)           0.471     2.305    led_OBUF[3]
    M7                   OBUF (Prop_obuf_I_O)         1.279     3.584 r  led_OBUF[3]_inst/O
                         net (fo=0)                   0.000     3.584    led[3]
    M7                                                                r  led[3]
  -------------------------------------------------------------------    -------------------

Slack:                    inf
  Source:                 core/value_reg[0]/C
                            (rising edge-triggered cell FDRE clocked by trainer_1khz  {rise@0.000ns fall@500000.031ns period=1000000.000ns})
  Destination:            led[0]
                            (output port)
  Path Group:             (none)
  Path Type:              Min at Fast Process Corner
  Data Path Delay:        1.932ns  (logic 1.406ns (72.755%)  route 0.526ns (27.245%))
  Logic Levels:           1  (OBUF=1)
  Clock Uncertainty:      0.025ns  ((TSJ^2 + TIJ^2)^1/2 + DJ) / 2 + PE
    Total System Jitter     (TSJ):    0.050ns
    Total Input Jitter      (TIJ):    0.000ns
    Discrete Jitter          (DJ):    0.000ns
    Phase Error              (PE):    0.000ns

    Location             Delay type                Incr(ns)  Path(ns)    Netlist Resource(s)
  -------------------------------------------------------------------    -------------------
                         (clock trainer_1khz rise edge)
                                                      0.000     0.000 r  <hidden>
    B6                                                0.000     0.000 r  clk
                         net (fo=0)                   0.000     0.000    clk
    B6                   IBUF (Prop_ibuf_I_O)         0.268     0.268 r  clk_IBUF_inst/O
                         net (fo=1, routed)           0.808     1.075    clk_IBUF
    BUFGCTRL_X0Y16       BUFG (Prop_bufg_I_O)         0.026     1.101 r  clk_IBUF_BUFG_inst/O
                         net (fo=17, routed)          0.585     1.686    core/CLK
    SLICE_X84Y121        FDRE                                         r  core/value_reg[0]/C
  -------------------------------------------------------------------    -------------------
    SLICE_X84Y121        FDRE (Prop_fdre_C_Q)         0.164     1.850 r  core/value_reg[0]/Q
                         net (fo=5, routed)           0.526     2.376    led_OBUF[0]
    N5                   OBUF (Prop_obuf_I_O)         1.242     3.618 r  led_OBUF[0]_inst/O
                         net (fo=0)                   0.000     3.618    led[0]
    N5                                                                r  led[0]
  -------------------------------------------------------------------    -------------------





